scen_number;sensitivity;n_iter;walltime;PrimalResidual_ETS;PrimalResidual_MSR;PrimalResidual_EOM;PrimalResidual_REC;PrimalResidual_H2;PrimalResidual_H2CN_prod;PrimalResidual_H2CN_cap;DualResidual_ETS;DualResidual_EOM;DualResidual_REC;DualResidual_H2;DualResidual_H2CN_prod;DualResidual_H2CN_cap;Beta;Alpha;EUA_2022;CumulativeEmissions;TotalCost;PolicyCost
1;ref;2854;4.934365228333333;0.03814899057012986;0.0;0.017709569505900413;0.2628535672704533;0.0;0.0;0.0;0.048421280215584665;0.01608131071494498;0.5113352739699295;0.0;0.0;0.0;0.9096394212478303;576.2794900144473;79.92417146577577;19265.877315950842;2.0565418011607046e6;0.0
77;ref;2777;0.2487030362666667;0.38138770561598645;0.0;0.0164551681897562;0.24207621945987165;0.0;0.026814434505297323;0.0;0.2928974418572741;0.017679675629376272;0.4779524413255031;0.0;0.032171903012461645;0.0;0.9096394212478303;576.2794900144473;78.60869588521419;19265.508317513897;2.0793141413093517e6;47724.89118755324
60;ref;2805;0.20417837591666668;0.03657849132255751;0.0;0.017594548939193887;0.26288573364936313;0.0;0.03466170006494215;0.0;0.030468241603715782;0.017607490966627136;0.5072717925946117;0.0;0.06488397365680962;0.0;0.9096394212478303;576.2794900144473;80.04740648591303;19265.844616007216;2.0147274608698993e6;1624.6273058842803
9;ref;2747;0.25191563035000003;0.04159315533683366;0.0;0.01768976447852591;0.2722360532429349;0.0;0.0;0.003164969536825813;0.040875056682429585;0.017680933184525526;0.5149753874375681;0.0;0.0;0.0012698644110647921;0.9096394212478303;576.2794900144473;80.32558190832606;19265.8156069812;2.013017446194358e6;53.17607232559769
54;ref;2790;0.24484200616666668;0.10079044389018328;0.0;0.0174792030829881;0.26582584561698147;0.0;1.2340514172899257e-5;0.0;0.148707361975782;0.017498900149860257;0.5030971125097519;0.0;4.91110580348144e-6;0.0;0.9096394212478303;576.2794900144473;80.4045513062311;19265.882977694593;2.0131408453733267e6;0.04534688828972433
45;ref;2787;0.18197341875000003;0.09672488465517987;0.0;0.01691994984085249;0.2568208623294574;0.0;0.0;0.07913361865435721;0.11568093652898388;0.017696745377067762;0.4835627449834207;0.0;0.0;0.14244723258609612;0.9096394212478303;576.2794900144473;79.31135640597886;19265.693915032367;2.056178657508897e6;35612.431098491834
33;ref;2776;0.1796781529166667;0.13985394380489796;0.0;0.0176978997172056;0.2599038888463573;0.0;0.0;0.0735232002255294;0.06037930318538749;0.017544687299434533;0.47867393751510673;0.0;0.0;0.09218262391367979;0.9096394212478303;576.2794900144473;79.61641112483854;19265.663180363743;2.0376091022230298e6;17080.003193557
58;ref;2809;0.21737102178333334;0.042004266800297216;0.0;0.017665198731180574;0.2682561368018966;0.0;0.01921031712965498;0.0;0.06977155564503013;0.017670109113076104;0.5052484282041163;0.0;0.010091356651596906;0.0;0.9096394212478303;576.2794900144473;80.1059782128303;19265.82162617587;2.0123400824085549e6;6.767573878299113
23;ref;2848;0.15914192828333334;0.08548428627239668;0.0;0.017520230038289557;0.25302748553509535;0.0;0.0;0.15747021581842094;0.07762045535508794;0.017675296597226612;0.4937441196545532;0.0;0.0;0.16712414209246723;0.9096394212478303;576.2794900144473;79.89817016328546;19265.778125247118;2.0234153800250439e6;9079.073750523148
89;ref;2956;0.18492022585;0.5906462879996918;0.0;0.017668628552050012;0.21897386828630988;0.0;0.11232264647967051;0.0;1.1807431693100616;0.01658439255130103;0.4302117029524123;0.0;0.10566749106817717;0.0;0.9096394212478303;576.2794900144473;77.83371473586008;19265.47346807471;2.133428557620948e6;127328.77327040368
5;ref;2845;0.22372901288333333;0.07163719250973007;0.0;0.017687598955070202;0.25937293495476554;0.0;0.0;0.0015609201756679027;0.1319655285302449;0.017613122868528827;0.5054165809010757;0.0;0.0;0.00199930006085756;0.9096394212478303;576.2794900144473;80.29147349193238;19265.84687412934;2.0128924872994663e6;15.021014948066131
76;ref;2969;0.21128205491666666;0.1549867310233492;0.0;0.01497879763885539;0.2401148198860581;0.0;0.06326226308773347;0.0;0.28466166001515303;0.017618449741867263;0.46169641959126456;0.0;0.03352589371702937;0.0;0.9096394212478303;576.2794900144473;78.6644410900073;19265.636527498264;2.0745066051840158e6;44084.74348367309
70;ref;2961;0.2304986064;0.18270160969179508;0.0;0.01761639872008237;0.24046711249361077;0.0;0.01711900087891063;0.0;0.37594167753357816;0.015857226470531064;0.45891476181745444;0.0;0.03223531596252103;0.0;0.9096394212478303;576.2794900144473;79.2598030681229;19265.717484832996;2.0469143167227602e6;22819.386928322336
24;ref;2875;0.19439145983333334;0.09989407462765429;0.0;0.017674419074234147;0.26690032035857275;0.0;0.0;0.09536138247632438;0.06711758583550179;0.017279534467767477;0.48872645590355;0.0;0.0;0.13277607416317783;0.9096394212478303;576.2794900144473;79.84113512235153;19265.763644476967;2.0252755670024601e6;9931.98324527398
43;ref;2855;0.21873834266666667;0.20992893355789444;0.0;0.017703603666689483;0.23914462397217484;0.0;0.0;0.07870944882005498;0.12950681053186305;0.014917764069349842;0.4707265990849755;0.0;0.0;0.15345554179935755;0.9096394212478303;576.2794900144473;79.37079140609643;19265.550103147427;2.0530815269269543e6;33089.08542021044
32;ref;2893;0.2341811522166667;0.1466827056974363;0.0;0.01770950646407158;0.2578502547042889;0.0;0.0;0.10235235355541206;0.12707684457047233;0.01278025575096201;0.47474762494247597;0.0;0.0;0.10200265161719757;0.9096394212478303;576.2794900144473;79.51553398087388;19265.718921970278;2.0359831406801837e6;16359.386174190728
56;ref;2930;0.2828150309166667;0.06835395474949545;0.0;0.017441599743599216;0.2556594633666826;0.0;1.6283037631228713e-5;0.0;0.04690141572496008;0.017635873649367032;0.48264866824707814;0.0;2.279867291765524e-5;0.0;0.9096394212478303;576.2794900144473;80.29973599096417;19265.852597953315;2.0124341441442855e6;0.11026565592378995
44;ref;2888;0.2545955268666667;0.13573568041268128;0.0;0.017692614528874676;0.25268183885680445;0.0;0.0;0.0750309065508256;0.07904585145189605;0.014241145288504469;0.47012408958437185;0.0;0.0;0.049129865315478284;0.9096394212478303;576.2794900144473;79.345345114331;19265.643729741176;2.0548505861754348e6;34619.87443766345
34;ref;2906;0.22130316683333334;0.17683393444954637;0.0;0.017668636102866085;0.24461099960034013;0.0;0.0;0.03405060975569661;0.41822645914355955;0.014681539802661478;0.46572516429104854;0.0;0.0;0.04125960596193148;0.9096394212478303;576.2794900144473;79.59283910157868;19265.76834901771;2.039272543504568e6;18070.03553669558
29;ref;2957;0.20502909068333336;0.18490247657619613;0.0;0.017609194999208395;0.24983274801453034;0.0;0.0;0.025834023425642866;0.3674629858436724;0.01593680892867528;0.4668571836710987;0.0;0.0;0.060376267424622904;0.9096394212478303;576.2794900144473;79.54661603940801;19265.81064860786;2.031692444314752e6;13888.55767642372
11;ref;2927;0.22760833568333333;0.08081338976031234;0.0;0.017552415193002983;0.2598983733015041;0.0;0.0;0.0040633059181785424;0.04725224657324923;0.017621669312784673;0.48908193481415735;0.0;0.0;0.0016064328478699787;0.9096394212478303;576.2794900144473;80.32038843182936;19265.87572280779;2.0124582399180958e6;76.37407321658195
51;ref;2874;0.2559112921;0.14006314687513288;0.0;0.01769975637479308;0.24631520900892306;0.0;0.0;0.14378064303032373;0.09592673354131305;0.0142370356705284;0.4649313604674243;0.0;0.0;0.11531638185937651;0.9096394212478303;576.2794900144473;79.1781397660051;19265.640431996362;2.065189166848218e6;43508.99117349328
28;ref;2997;0.23349015775;0.1610717380629698;0.0;0.017683878982141223;0.2370812132914578;0.0;0.0;0.05692461105579704;0.3184009036702854;0.014852222655196205;0.4709868550158449;0.0;0.0;0.10077169593599825;0.9096394212478303;576.2794900144473;79.54935262208838;19265.73267365419;2.0299413756567047e6;13064.709057189602
42;ref;3035;0.18287844206666667;0.09748466821850535;0.0;0.017677931601115127;0.24527737381379963;0.0;0.0;0.1398245050979201;0.19676377345060986;0.0163170863146743;0.4489499287597651;0.0;0.0;0.09772973537461022;0.9096394212478303;576.2794900144473;79.427107906542;19265.68224997817;2.051208970530675e6;31826.152999628026
79;ref;3103;0.2110509977166667;0.350984902956481;0.0;0.01769619389394657;0.23991892566152478;0.0;0.04726146270510966;0.0;0.2793498180835771;0.016679458819058055;0.4338364484126803;0.0;0.04174158060641291;0.0;0.9096394212478303;576.2794900144473;78.45028593308963;19265.417871944053;2.0876046580349444e6;57797.34750307184
81;ref;3134;0.22075625178333336;0.20695822465002292;0.0;0.0162289273463269;0.2248940543093404;0.0;0.038636845799687264;0.0;0.11026804925884463;0.01753167226377315;0.41559172960376073;0.0;0.07138545815258751;0.0;0.9096394212478303;576.2794900144473;78.21826723990911;19265.576837262637;2.0966308957829657e6;67295.66013348586
19;ref;3025;0.25153056483333336;0.05400907912313291;0.0;0.01759768457439461;0.25691802186232277;0.0;0.0;0.08691729101794976;0.08615694568726581;0.01768164681750024;0.4695522969094907;0.0;0.0;0.08252713739782765;0.9096394212478303;576.2794900144473;80.06044887442505;19265.892040490497;2.0179250178853562e6;4898.051510003411
49;ref;2909;0.27291988761666663;0.1323181465781078;0.0;0.01769649431438622;0.23472929033511725;0.0;0.0;0.06021351512574079;0.08880088492391991;0.01688695310344595;0.4662698016554379;0.0;0.0;0.034037888329273666;0.9096394212478303;576.2794900144473;79.22684527218209;19265.634858619713;2.0624711790318077e6;40810.01892816444
36;ref;2785;0.2766443981;0.11271811051322383;0.0;0.017560726921767637;0.24456059692735774;0.0;0.0;0.05466714295439643;0.13962516507408734;0.017498570385931868;0.48154741754781066;0.0;0.0;0.08600791679977378;0.9096394212478303;576.2794900144473;79.54802505306432;19265.66869179704;2.0423892055377273e6;20218.9130688781
82;ref;3182;0.25603881335;0.24451417429242953;0.0;0.01734415438025504;0.21629584104727123;0.0;0.035381507145960125;0.0;0.4548610848417344;0.01769860878546084;0.4149166173213068;0.0;0.06409240161949736;0.0;0.9096394212478303;576.2794900144473;78.08873865840769;19265.517976411786;2.1011537743663853e6;72106.21833646542
26;ref;3045;0.1681870304;0.05349772998507916;0.0;0.017163897340887597;0.2471370171663419;0.0;0.0;0.028515673803866718;0.11066612994197177;0.01675401295204341;0.47550808343136575;0.0;0.0;0.045630253434459894;0.9096394212478303;576.2794900144473;79.78410276401785;19265.755854438634;2.0277523331204941e6;11250.356073442843
65;ref;3145;0.19395357813333333;0.0946052646009307;0.0;0.017697783582070085;0.23557579980875717;0.0;0.024099077551066685;0.0;0.16892828093090503;0.017205490850949225;0.44632820241995597;0.0;0.03887257850974844;0.0;0.9096394212478303;576.2794900144473;79.65657614197352;19265.724999144713;2.0293674934109922e6;11667.065710554067
48;ref;3108;0.23462678493333336;0.1263962177111841;0.0;0.017673156976206483;0.231876890519676;0.0;0.0;0.048930305785885905;0.07541055684499995;0.014280187948440434;0.4449658177207541;0.0;0.0;0.13440498311448484;0.9096394212478303;576.2794900144473;79.2584287209902;19265.65908072988;2.0606805742459747e6;39706.176022141466
72;ref;3226;0.24621546721666668;0.17181018540746967;0.0;0.017407963924692613;0.22858488413425987;0.0;0.015955845988383826;0.0;0.1458583931600524;0.01753376098354325;0.42900065731511444;0.0;0.029870096844221285;0.0;0.9096394212478303;576.2794900144473;79.08206977665097;19265.631085503006;2.0558243221404294e6;27945.287150613163
47;ref;2802;0.4668437704166667;0.10612150424543478;0.0;0.017703813719938146;0.2500966636382749;0.0;0.0;0.077494757070196;0.05418015868307367;0.01716282092864794;0.48413476785827386;0.0;0.0;0.15162081137798955;0.9096394212478303;576.2794900144473;79.24795893134184;19265.67921018684;2.0595884728038248e6;38114.1296039473
35;ref;2813;0.42922475723333336;0.09346796730442171;0.0;0.0171153406563627;0.24593971885143792;0.0;0.0;0.04091990873885026;0.09744558428512981;0.017656212715919765;0.47936445861579935;0.0;0.0;0.08342110487796267;0.9096394212478303;576.2794900144473;79.54755120036481;19265.693334417458;2.04063371708134e6;19032.87611733598
6;ref;2795;0.20211421293333337;0.059088659019688794;0.0;0.01767090723742418;0.26645317518897454;0.0;0.0;0.0019696987381608282;0.1134975475720319;0.017136975669082278;0.5083430386661251;0.0;0.0;0.00085489154726344;0.9096394212478303;576.2794900144473;80.2876950237544;19265.83109408393;2.0129675069065178e6;22.696247842416767
88;ref;3365;0.21954004986666667;0.19035932139039866;0.0;0.015066148688800286;0.23132662677624788;0.0;0.07001755871897658;0.0;0.3712897420188318;0.017624736569108047;0.3652389074657664;0.0;0.08925687713113523;0.0;0.9096394212478303;576.2794900144473;78.01879956605475;19265.573755234203;2.1281198869229197e6;119648.66316937901
87;ref;3379;0.19904847403333334;0.2682688552784264;0.0;0.015363924489515469;0.19676166210831;0.0;0.11303758569388866;0.0;0.26057363529729327;0.017449505827941466;0.3703984489846857;0.0;0.09751450008200024;0.0;0.9096394212478303;576.2794900144473;77.89661621892458;19265.535755595207;2.123144923408631e6;110050.45775278416
50;ref;3104;0.22250352185000002;0.16566697607814596;0.0;0.017704945856576025;0.22935965633652808;0.0;0.0;0.12355949001666061;0.13269955188573976;0.015647732685685443;0.4410972850831971;0.0;0.0;0.10703797127918611;0.9096394212478303;576.2794900144473;79.19426411074056;19265.620753858053;2.0638277404457515e6;42402.918451128986
30;ref;2857;0.39276453225;0.12790715259201088;0.0;0.01770003635057597;0.24498198473157703;0.0;0.0;0.06626463604427658;0.2463061818005998;0.016089105805588408;0.46602618447087935;0.0;0.0;0.04653323446061979;0.9096394212478303;576.2794900144473;79.59825787143554;19265.607697978732;2.0332491987955982e6;14679.669111522302
46;ref;3221;0.20524141936666668;0.09886679880214391;0.0;0.017707453403026305;0.23105034991065587;0.0;0.0;0.09827847803928323;0.11923028036264714;0.014397300690926696;0.4341566374772272;0.0;0.0;0.1469664693063625;0.9096394212478303;576.2794900144473;79.2957722728995;19265.68195594058;2.0577159357134486e6;37391.718088030415
91;ref;3468;0.21537384883333335;0.5038999775944983;0.0;0.017692260314590737;0.17181255065873718;0.0;0.06462481204194581;0.0;0.5644633766689643;0.017675979002005564;0.3316670251729822;0.0;0.05414470287532362;0.0;0.9096394212478303;576.2794900144473;77.9745164667249;19265.305468589944;2.144537789549377e6;143365.1413470017
38;ref;2960;0.3313053311833334;0.11718901265420281;0.0;0.017335817587415564;0.23849008906906352;0.0;0.0;0.0573705048128298;0.10344882587360013;0.017693577256652625;0.4560235846679273;0.0;0.0;0.09910181558539119;0.9096394212478303;576.2794900144473;79.5324188891898;19265.686676504774;2.0449423436168192e6;24092.819177736616
80;ref;3032;0.36007572058333337;0.28912831076487655;0.0;0.017194871037578188;0.2261016861692734;0.0;0.0321832423733388;0.0;0.5051275663856261;0.016377914084405733;0.42899792972522044;0.0;0.06486304605946654;0.0;0.9096394212478303;576.2794900144473;78.29574111162513;19265.54088029047;2.0920562510779952e6;62929.169779958436
37;ref;3021;0.2718513078833334;0.09225637729636522;0.0;0.017704090797744147;0.25418815427586616;0.0;0.0;0.1109078421880418;0.05484100892811295;0.01086634202889159;0.46322251625676486;0.0;0.0;0.1234416696212945;0.9096394212478303;576.2794900144473;79.5516319080625;19265.70280452007;2.0439434851814867e6;22166.069729654697
75;ref;2937;0.5195925860833334;0.08848323623715076;0.0;0.017672330694002487;0.2511964503925742;0.0;0.049878078432073925;0.0;0.0540437164567776;0.017403844664451627;0.4662358898226569;0.0;0.04823287769877331;0.0;0.9096394212478303;576.2794900144473;78.77523061696718;19265.685541659153;2.069742608684798e6;39683.75643048593
84;ref;3701;0.26147123425;0.1565413090051618;0.0;0.017677671094576408;0.1949750348429175;0.0;0.056404778543196296;0.0;0.2779032800396559;0.01518627168475486;0.31868030364222477;0.0;0.05838548216900913;0.0;0.9096394212478303;576.2794900144473;78.02539898759333;19265.62815341052;2.1106835782691487e6;84109.7912106672
78;ref;3826;0.26976860666666663;0.13513436198000503;0.0;0.017672192711788555;0.1844944055432757;0.0;0.018574505202252074;0.0;0.1366100703025299;0.01403787404480625;0.28802539331738636;0.0;0.030933531390899653;0.0;0.9096394212478303;576.2794900144473;78.59187344871836;19265.64390292992;2.0830173122575248e6;52410.265857042956
83;ref;3823;0.24496732195;0.13655155157542165;0.0;0.017680458978112296;0.16159815060671262;0.0;0.03284845322106924;0.0;0.1527421064091559;0.014667390379156047;0.29070585240449553;0.0;0.06375112728055315;0.0;0.9096394212478303;576.2794900144473;78.1062276552035;19265.64063966797;2.1057473914030744e6;77645.87640355158
92;ref;3951;0.24641799415;0.3299696583302837;0.0;0.017701308642678472;0.28171132284141304;0.0;0.07096559750281169;0.0;0.27751592450234674;0.016997900877365923;0.2641843547365009;0.0;0.09823864272917467;0.0;0.9096394212478303;576.2794900144473;78.230477826152;19265.46133320873;2.148790273349312e6;152772.13733318838
101;ref;4182;0.23932659535000003;0.0869050761960334;0.0;0.017678806764859264;0.15033400471260905;0.0;0.1970843314680987;0.0;0.08133946836278948;0.017669060937216628;0.25327955590882906;0.0;0.28477579059513697;0.0;0.9096394212478303;576.2794900144473;79.00493199268884;19265.68129340679;2.1952915160093633e6;332282.8695203977
74;ref;3158;0.37370889376666666;0.15953001601555394;0.0;0.017694406942980478;0.2333354232491307;0.0;0.03964968460897124;0.0;0.1848758231565876;0.01703631978196675;0.42869242990209794;0.0;0.05614118340879387;0.0;0.9096394212478303;576.2794900144473;78.86229131753672;19265.63838796287;2.0649845472252506e6;35134.36064839138
93;ref;4066;0.2864529214833334;0.3700412444778491;0.0;0.017590204022476342;0.19852010934230385;0.0;0.03462508998432278;0.0;0.3111899279910687;0.01757775626268818;0.2451106432665281;0.0;0.0693241433328922;0.0;0.9096394212478303;576.2794900144473;78.19945757865162;19265.386215556933;2.1534147843981097e6;165648.16231712146
94;ref;4086;0.2860895774666667;0.30608168510931866;0.0;0.016130703738179823;0.1762035354207902;0.0;0.04902619668389183;0.0;0.33187903857196416;0.017667675597454868;0.25025410525893366;0.0;0.0814843183021755;0.0;0.9096394212478303;576.2794900144473;78.36078791021423;19265.522010842586;2.158361317069393e6;178178.2145491212
53;ref;3952;0.19297020020000002;0.06363288953745595;0.0;0.017511400752958532;0.16324295953693527;0.0;2.532742469493199e-6;0.0;0.11936547920452516;0.01687854197305759;0.2714611296814102;0.0;3.227620594808843e-6;0.0;0.9096394212478303;576.2794900144473;80.41133778272733;19265.835891930696;2.0128221779796365e6;0.005810869980770409
90;ref;3610;0.4180200176;0.15115797922256793;0.0;0.0175034625414039;0.1911880677720817;0.0;0.053360575661257396;0.0;0.1734959222873673;0.01752641621727246;0.30820446206790114;0.0;0.08678577995538009;0.0;0.9096394212478303;576.2794900144473;77.90277262352159;19265.625012439978;2.139023518256743e6;135105.84189562566
15;ref;3934;0.28913241625;0.07122272479894576;0.0;0.017622770398159435;0.1431074004885;0.0;0.0;0.040542681849184595;0.10462718075846275;0.017578718386451163;0.27974468827230975;0.0;0.0;0.0557609646210367;0.9096394212478303;576.2794900144473;80.38018235297525;19265.845364389723;2.0135040056064744e6;1032.708743312157
8;ref;3950;0.2268319500166667;0.061404962342508425;0.0;0.01757784376981034;0.162117580642725;0.0;0.0;0.0010245863476815388;0.11089095687478881;0.016486124260053064;0.27112697500435806;0.0;0.0;0.0020765060950537055;0.9096394212478303;576.2794900144473;80.39644743811742;19265.83741449562;2.0127448523059387e6;25.2429180590778
31;ref;4018;0.27476848275;0.05706952936848534;0.0;0.014116548973445614;0.15069481466957765;0.0;0.0;0.05427289317352881;0.06482375015966609;0.017376809660803866;0.2710695560404867;0.0;0.0;0.10383980169452883;0.9096394212478303;576.2794900144473;79.63067458572058;19265.71937231056;2.034104061747351e6;15788.516779774305
3;ref;4001;0.26179724258333337;0.07136292013291841;0.0;0.017474965373833425;0.1625479370962007;0.0;0.0;0.000361964636718008;0.09452161613256468;0.017442020780821035;0.2713930224454327;0.0;0.0;0.0007311135628961131;0.9096394212478303;576.2794900144473;80.46113442979495;19265.84571004175;2.0129971657871292e6;2.761498344655499
99;ref;4483;0.23711824628333336;0.12041922570275858;0.0;0.01744063627483306;0.11970359242903271;0.0;0.0632718339585556;0.0;0.09052421247321936;0.01760470270953839;0.20693518708108463;0.0;0.0817163740486853;0.0;0.9096394212478303;576.2794900144473;78.85900514785361;19265.65759613803;2.182845753922909e6;245538.32357646318
85;ref;3809;0.36227821728333337;0.11794479893371414;0.0;0.0172683980516393;0.16710429521458842;0.0;0.04547299202556159;0.0;0.18114205169141798;0.017622813771826114;0.2941845241421106;0.0;0.061010445162245644;0.0;0.9096394212478303;576.2794900144473;78.02052549147264;19265.659218006822;2.1148406834125337e6;91583.94646986207
97;ref;4432;0.2991567773666667;0.3807916994202252;0.0;0.01607557826742216;0.1124611655638239;0.0;0.03571848689003618;0.0;0.20549308145348333;0.01757817668886228;0.2104255497103199;0.0;0.05886644840970351;0.0;0.9096394212478303;576.2794900144473;78.33035116596501;19265.305797900164;2.173094182748486e6;219843.70362461783
96;ref;4403;0.28863923078333337;0.3468578807099315;0.0;0.015965913431601673;0.1097967191429135;0.0;0.07075688699689216;0.0;0.42493678584336575;0.017678689287883558;0.20990649977421305;0.0;0.09025475975469564;0.0;0.9096394212478303;576.2794900144473;78.1493551856769;19265.413878301435;2.1679990948803946e6;205209.5177974188
71;ref;4540;0.27922913155;0.0495767496676684;0.0;0.01762475913510856;0.15651804004988606;0.0;0.12063208136796587;0.0;0.035537347850025415;0.01764885808226196;0.17578460622372616;0.0;0.2404922877924379;0.0;0.9096394212478303;576.2794900144473;79.25588347516029;19265.72186231641;2.0506065126615458e6;25402.45332608922
12;ref;3820;0.4286545216333334;0.054153366073746226;0.0;0.01769551330819897;0.15653927697482797;0.0;0.0;0.0022458031315842177;0.07320788530902171;0.017451834663489874;0.2896033225974064;0.0;0.0;0.0045694330996881695;0.9096394212478303;576.2794900144473;80.42272532342436;19265.829728855053;2.0125392841170428e6;63.69777444931168
69;ref;4604;0.27714702625;0.05811347766427007;0.0;0.01767574337204263;0.1562123084958167;0.0;0.05674303643394834;0.0;0.05697380189676756;0.01597213382820683;0.1626586879826841;0.0;0.11145428025125337;0.0;0.9096394212478303;576.2794900144473;79.45097215696174;19265.710487120567;2.0426904002276622e6;20806.0143896585
59;ref;4496;0.21555270053333334;0.022245763358210012;0.0;0.017683333732366285;0.15120471113807604;0.0;0.008401876177645021;0.0;0.041719524944536575;0.0171592820215381;0.19843699804185344;0.0;0.010734954840583065;0.0;0.9096394212478303;576.2794900144473;80.11953332550935;19265.790033854817;2.0127792679884478e6;297.0059321230675
66;ref;4614;0.2482875161166667;0.041775796588238094;0.0;0.017703100174043078;0.14148383062610534;0.0;0.03876098865517625;0.0;0.05831751888598416;0.01628418514157604;0.160447571383565;0.0;0.01992760742035978;0.0;0.9096394212478303;576.2794900144473;79.64121669975476;19265.727558666567;2.0318594050952652e6;14063.231842157104
61;ref;4636;0.3351584368500001;0.010888714325086351;0.0;0.017696587189184584;0.1275776110409061;0.0;0.023991676199812052;0.0;0.01517927917188998;0.01576356800337464;0.17546689562530643;0.0;0.04112504429713764;0.0;0.9096394212478303;576.2794900144473;80.0217361381629;19265.781142254724;2.0165075665681823e6;3879.3965983432977
64;ref;4598;0.23920108028333334;0.045382513647738945;0.0;0.01751110149778283;0.13988486393281718;0.0;0.011133379382118945;0.0;0.036246760255982745;0.017300832783060542;0.17397848595911092;0.0;0.018448560367392525;0.0;0.9096394212478303;576.2794900144473;79.70641380955219;19265.727106510138;2.0258410382147774e6;9866.880447752272
67;ref;4559;0.3066442234666667;0.04790479632133096;0.0;0.017691054641619214;0.12691955932732543;0.0;0.05284428538467547;0.0;0.08161997122851865;0.012438781824356236;0.1885790383855716;0.0;0.06351647259832974;0.0;0.9096394212478303;576.2794900144473;79.62572500853649;19265.722204862115;2.0348607794151765e6;17082.11832120623
86;ref;4860;0.3501234015333334;0.09007244113600288;0.0;0.01759272384954273;0.1165474140214706;0.0;0.17575708846602234;0.0;0.11531128902549825;0.01606246712870269;0.14698594344747531;0.0;0.3074950042196584;0.0;0.9096394212478303;576.2794900144473;78.17098923431054;19265.68311032906;2.118840537145916e6;99869.45251150365
39;ref;4027;0.2686471867833333;0.07684713505954467;0.0;0.01728717116847589;0.1726395519342947;0.0;0.0;0.06566818751636856;0.05845783877334066;0.017607075914937095;0.2702450502763709;0.0;0.0;0.06711515605148878;0.9096394212478303;576.2794900144473;79.58932520084056;19265.71372133163;2.0461942094296452e6;26979.33811163586
98;ref;4874;0.25062527053333333;0.26782836264834387;0.0;0.017700635327911114;0.13446167552858346;0.0;0.05485672645437035;0.0;0.5017564868784332;0.010875430945503008;0.15222622936595723;0.0;0.044937865007712734;0.0;0.9096394212478303;576.2794900144473;78.4161931839617;19265.575604565693;2.1777984562377734e6;231911.36432902142
7;ref;2846;1.1239169155666668;0.06472890684880982;0.0;0.01770623804718428;0.2655477665519111;0.0;0.0;0.0022097050930068255;0.11346898509649687;0.017194534106632364;0.5065233867882304;0.0;0.0;0.0009131237509286838;0.9096394212478303;576.2794900144473;80.28517789448932;19265.843705311774;2.0129107719707852e6;30.48406974069331
17;ref;4613;0.27783490618333334;0.0432299640286737;0.0;0.017658048418327084;0.1504524008860485;0.0;0.0;0.017642720784344246;0.06764871482916877;0.01736562262511758;0.16719708218397877;0.0;0.0;0.02535332685577371;0.9096394212478303;576.2794900144473;80.23139217611818;19265.807976723776;2.0149557282525483e6;2347.9869837055953
14;ref;4631;0.25513452573333334;0.024278797679710893;0.0;0.017404167019257597;0.13849151759194175;0.0;0.0;0.01012678464534163;0.01580386583903419;0.017506977658588566;0.17569300781092775;0.0;0.0;0.016448604880660724;0.9096394212478303;576.2794900144473;80.44854821729778;19265.795826220867;2.0125954685142103e6;460.88969746002107
27;ref;4714;0.24950726603333337;0.014664799283817887;0.0;0.017636486203969765;0.14735834016978505;0.0;0.0;0.04767575121631393;0.019196442026277846;0.014579430679859237;0.15604737783619185;0.0;0.0;0.05658126916658336;0.9096394212478303;576.2794900144473;79.89578331221233;19265.758745166175;2.0290167232652877e6;12073.770502211828
55;ref;4837;0.25915156515000004;0.05142622122511742;0.0;0.017673238091145838;0.1300614060573195;0.0;2.2116625410873442e-6;0.0;0.09155993095712507;0.017157710970421902;0.14470800246099108;0.0;8.853014448969301e-7;0.0;0.9096394212478303;576.2794900144473;80.4872908151678;19265.818940413148;2.012431120074506e6;0.009532593070387639
4;ref;4796;0.2922443240166667;0.03274071160885284;0.0;0.01770495029937191;0.13100763045230723;0.0;0.0;0.00032935110792348745;0.0595717584198165;0.015321552435410554;0.14652813117184235;0.0;0.0;0.0006641878673471383;0.9096394212478303;576.2794900144473;80.45419350704185;19265.803102075086;2.012365464611357e6;4.57316539360352
41;ref;4850;0.2737768171666667;0.05204583393181135;0.0;0.017692006140634847;0.16663167650078362;0.0;0.0;0.052847089582504087;0.043052648785733075;0.011931828495992062;0.12365854070135981;0.0;0.0;0.09117270951850535;0.9096394212478303;576.2794900144473;79.55328073696548;19265.718479145475;2.0491600861193894e6;31598.852297997855
16;ref;4794;0.23767068130000002;0.043102053210276964;0.0;0.017708213107586055;0.13401841718939933;0.0;0.0;0.019740835925965896;0.027177002872049574;0.011572632743195935;0.14919823009082617;0.0;0.0;0.03402855605461886;0.9096394212478303;576.2794900144473;80.30640753917643;19265.816166344895;2.0142056596069569e6;1686.5500300168787
10;ref;4837;0.2882359064666667;0.06391058545202397;0.0;0.017698276866595867;0.12844238834770733;0.0;0.0;0.0007704024687407094;0.06785741283226739;0.015278281530016608;0.144707298692426;0.0;0.0;0.0009924246035172665;0.9096394212478303;576.2794900144473;80.4551866430377;19265.83189767051;2.0124204422122473e6;29.7482832302488
100;ref;4484;0.4260057280666667;0.0850645943778343;0.0;0.017371306421629214;0.109117250332063;0.0;0.11348340442637238;0.0;0.07382238245949094;0.017661667246467297;0.20410757470145424;0.0;0.17890761461273544;0.0;0.9096394212478303;576.2794900144473;79.0257078035126;19265.687434207524;2.188569423469175e6;290583.33310441504
22;ref;4824;0.26598538751666667;0.029024621654118406;0.0;0.017698399207724806;0.1427900381291645;0.0;0.0;0.010647548337218761;0.02666258642909791;0.013785916330100957;0.1443534345012722;0.0;0.0;0.013143433366576081;0.9096394212478303;576.2794900144473;79.94623432079275;19265.736038957122;2.0220579985697514e6;8461.605545028297
18;ref;4859;0.3025171550333334;0.038477633878853036;0.0;0.0170269900117256;0.1496089866433034;0.0;0.0;0.026069963105934662;0.04290337782864387;0.0174279458530433;0.1332529954667989;0.0;0.0;0.06407095274558176;0.9096394212478303;576.2794900144473;80.22642120516613;19265.80992864121;2.01561130902067e6;3034.2934051947022
2;ref;4854;0.27784328858333335;0.07095740699627605;0.0;0.017688730371499903;0.1349565721631345;0.0;0.0;0.0001110536931315177;0.08439431886844781;0.01280008681947512;0.14770753984582952;0.0;0.0;0.00014306815687338488;0.9096394212478303;576.2794900144473;80.50508376092377;19265.836361203652;2.0124736235274284e6;0.561729501454731
68;ref;4457;0.5040905357500001;0.035068470833338125;0.0;0.01765374615193343;0.1524007598338818;0.0;0.024725370898628533;0.0;0.05406356842013633;0.01176816459909245;0.19000035691016176;0.0;0.024193643653787532;0.0;0.9096394212478303;576.2794900144473;79.55909886570247;19265.73666406853;2.0387312426160756e6;18911.48964114338
21;ref;4954;0.2562696089666667;0.015657254958752583;0.0;0.017709384978265366;0.16103313650318937;0.0;0.0;0.040649210199075816;0.017147755018587583;0.012765124900747271;0.12499944668286679;0.0;0.0;0.0489919409633192;0.9096394212478303;576.2794900144473;80.00215780343223;19265.71435847701;2.020728550322749e6;7338.69121422884
95;ref;4637;0.2879366534666667;0.27919918551001377;0.0;0.01769938384054614;0.1459539284731567;0.0;0.0910930112138595;0.0;0.20526482169159072;0.015164414829771563;0.17630525030908875;0.0;0.06869913441260804;0.0;0.9096394212478303;576.2794900144473;78.19099995494925;19265.523436443822;2.162928962095606e6;191268.80479006987
62;ref;4843;0.3893675131;0.025170553101590398;0.0;0.017687215514107648;0.12366011456970519;0.0;0.18903072188310274;0.0;0.03087789586681014;0.017616000839943642;0.1452573860462953;0.0;0.1544064511358668;0.0;0.9096394212478303;576.2794900144473;79.783360414889;19265.74871118179;2.019528996895464e6;5695.140686665249
52;ref;4793;0.3509218739666667;0.06270138249544221;0.0;0.017705234903698387;0.132912493829407;0.0;5.376992008452144e-7;0.0;0.052131436933401505;0.012155782672074669;0.14900120585942786;0.0;1.0921680722996778e-6;0.0;0.9096394212478303;576.2794900144473;80.44614468051647;19265.830544807715;2.0123619449882265e6;0.0006121721226646877
57;ref;4805;0.5699044703166667;0.05454793443369259;0.0;0.01770918196705559;0.13120497877862544;0.0;3.4504223850692325e-6;0.0;0.06723478403494941;0.016066432365639854;0.1444183189367886;0.0;1.3811058321044516e-6;0.0;0.9096394212478303;576.2794900144473;80.35291133566118;19265.822685890555;2.0124190251752909e6;0.022357945041087915
40;ref;4849;0.3364848186;0.04678810866280416;0.0;0.01763651965521702;0.16910948233693474;0.0;0.0;0.021422041900691267;0.08564046210057746;0.013313662791080103;0.12374015414787677;0.0;0.0;0.04987635806676421;0.9096394212478303;576.2794900144473;79.59850371802729;19265.7211613652;2.0470443189239176e6;29506.98378458489
25;ref;4702;0.7465233557833334;0.035580800149758327;0.0;0.01770256601715743;0.16157148427401632;0.0;0.0;0.019612887763734627;0.022256030523527818;0.014099291509447451;0.15043249412212947;0.0;0.0;0.01946769763214147;0.9096394212478303;576.2794900144473;79.89229359590087;19265.739589607965;2.0259908315966993e6;10720.82672445268
73;ref;5073;0.3403484102666667;0.07428367734342241;0.0;0.01719351616478806;0.0948438602180112;0.0;0.1380998610432231;0.0;0.08237545297477258;0.016576230374458087;0.13246366043224098;0.0;0.2518686441065241;0.0;0.9096394212478303;576.2794900144473;79.06430383628093;19265.698582078647;2.0601521039283022e6;30592.45373730259
20;ref;4883;0.4166058806333333;0.03449327892958019;0.0;0.017680951684532795;0.13531065945307694;0.0;0.0;0.030977065296441217;0.02263878794154716;0.014561217544825032;0.13698322122100512;0.0;0.0;0.02524803145243732;0.9096394212478303;576.2794900144473;80.08628345953385;19265.795486562285;2.0188328751120917e6;6113.500933591642
63;ref;4358;1.6046985064666666;0.030314587746986837;0.0;0.017651599606541567;0.13755936278548803;0.0;0.030920783750830502;0.0;0.034554983621646086;0.016930158225852088;0.21096983279710385;0.0;0.03883258420176667;0.0;0.9096394212478303;576.2794900144473;79.71341041585137;19265.74222435089;2.022452967175355e6;7668.180566321669
13;ref;4412;1.6409137055000003;0.06806077148464378;0.0;0.017697059332971343;0.14768179897571493;0.0;0.0;0.008180587313959911;0.05233810652901429;0.014087583784430452;0.20132440449042627;0.0;0.0;0.00903475380216154;0.9096394212478303;576.2794900144473;80.43972190133513;19265.84363118019;2.0124853658899446e6;213.47697514181837
113;ref;2916;0.19137216780000002;0.12075718054164157;0.0;0.017694943889636102;0.25172508914341024;0.0;0.008879412303348554;0.0;0.09330355513166574;0.012517171142801707;0.47272023816638475;0.0;0.010566066952244806;0.0;0.9096394212478303;576.2794900144473;79.41270828160391;19265.679003351393;2.0488450430220417e6;31009.720145291416
112;ref;2939;0.19921511363333336;0.10322815145041588;0.0;0.017708947430697442;0.25063442657035395;0.0;0.0506810319474295;0.0;0.18931722769468012;0.013515729552522006;0.4672014226475923;0.0;0.10096716686674259;0.0;0.9096394212478303;576.2794900144473;79.50342946085318;19265.657400476783;2.0436607937472558e6;23439.600172229348
109;ref;2943;0.20288256116666667;0.10923024095935867;0.0;0.017703856480371115;0.24047913181701078;0.0;0.025258546077876656;0.0;0.08199278154166506;0.01616007479628976;0.4779157068708605;0.0;0.02550553056291033;0.0;0.9096394212478303;576.2794900144473;79.78017287582682;19265.76456464592;2.0302918740123976e6;12370.288144261016
115;ref;2991;0.20096892803333335;0.14396928239198184;0.0;0.017706968338460343;0.23097436178620165;0.0;0.008470339794378216;0.0;0.08634276188114019;0.01721095104769524;0.45078228290468136;0.0;0.016175360236034445;0.0;0.9096394212478303;576.2794900144473;79.23222833841403;19265.655737762285;2.0606018201365075e6;39362.9022679023
171;ref;2818;0.18007201041666668;0.6991845076338109;0.0;0.017621602778182806;0.240427586114421;0.0;0.0;0.0;1.4006044649301153;0.015929534318309;0.46715521893024425;0.0;0.0;0.0;0.9096394212478303;576.2794900144473;76.25484107215895;19265.291839133326;2.2168472701376434e6;106805.30132185109
114;ref;3071;0.23851762296666668;0.07636926379938193;0.0;0.017702848279749783;0.2367850363466133;0.0;0.015202357784863457;0.0;0.07373568733105942;0.014213903098326984;0.4478899687984988;0.0;0.007807200531046832;0.0;0.9096394212478303;576.2794900144473;79.34708182781245;19265.695847584546;2.0547273927130045e6;35393.32611651457
118;ref;3143;0.24761585206666667;0.17654756317532416;0.0;0.017491127861909192;0.22031125661769674;0.0;0.014507612025866931;0.0;0.2146311432798868;0.01770568957821586;0.43215111881564094;0.0;0.010611452685858438;0.0;0.9096394212478303;576.2794900144473;79.05646948944738;19265.61278462113;2.074751345205678e6;52725.094869729204
117;ref;3170;0.23204613701666668;0.1768856272735783;0.0;0.017697363072712795;0.23168254389064302;0.0;0.00254727252085999;0.0;0.17635525946853878;0.013076613746813839;0.4335765459431054;0.0;0.00497656494800536;0.0;0.9096394212478303;576.2794900144473;79.05671602474246;19265.59733117063;2.070511571910769e6;48212.31452671689
154;ref;2869;0.23713740283333337;0.07056461442417253;0.0;0.017537750843495337;0.26109166710767556;0.0;0.0;0.0;0.11248884006282965;0.017704220814053772;0.5062660562253044;0.0;0.0;0.0;0.9096394212478303;576.2794900144473;79.84953544381007;19265.74802408161;2.0248706814375152e6;11090.984425578636
165;ref;2935;0.2229201939;0.257980327864547;0.0;0.01605927035566456;0.2332127781978436;0.0;0.0;0.0;0.23072390062234474;0.017116328775426445;0.4617078451896364;0.0;0.0;0.0;0.9096394212478303;576.2794900144473;77.55462907224164;19265.534946809727;2.1504315220064707e6;60346.21709602351
160;ref;3093;0.21634748961666667;0.3100848067529563;0.0;0.01721888418638898;0.23663184943653784;0.0;0.0;0.0;0.2296044315330487;0.01767992504548031;0.44097628850432635;0.0;0.0;0.0;0.9096394212478303;576.2794900144473;78.34290200411658;19265.506186790564;2.0809518251885502e6;34216.45249726438
169;ref;3072;0.21708176913333335;0.2815620817551154;0.0;0.014557740503404363;0.23494665833004286;0.0;0.0;0.0;0.5581435641234028;0.017702524788296214;0.4365647470045808;0.0;0.0;0.0;0.9096394212478303;576.2794900144473;76.73335341509268;19265.488484423215;2.196395812766287e6;89683.96726189372
123;ref;3115;0.1826957183166667;0.14180688553111453;0.0;0.017579627582314142;0.2191514686431177;0.0;0.0146000649571427;0.0;0.1576298286032274;0.01764284763949713;0.43902815230008313;0.0;0.007122144167339945;0.0;0.9096394212478303;576.2794900144473;78.78267771592886;19265.627030435826;2.096385420319885e6;77580.09964823973
167;ref;3054;0.22521194393333335;0.5029008584522648;0.0;0.017695453917095424;0.23506334824398972;0.0;0.0;0.0;0.3978838849527721;0.016499162392976954;0.4485329875702397;0.0;0.0;0.0;0.9096394212478303;576.2794900144473;77.04286313123293;19265.32883070675;2.1752885472531025e6;74360.89048682591
137;ref;3197;0.21966521908333334;0.25016597037680033;0.0;0.01769229698645652;0.22409020925497214;0.0;0.02979513164989987;0.0;0.2685752647862189;0.01656833293189339;0.41793506789189555;0.0;0.04950695031573137;0.0;0.9096394212478303;576.2794900144473;78.89373143423359;19265.64265285066;2.1636886173829697e6;177724.16427015385
116;ref;3011;0.32792608395000006;0.10153376253743826;0.0;0.017681274310860112;0.22681033046273227;0.0;0.0035423368357565743;0.0;0.14628716408014636;0.01770505396059375;0.44699012321732173;0.0;0.0067701796702729295;0.0;0.9096394212478303;576.2794900144473;79.12776657857394;19265.672288847803;2.065717885400391e6;43522.72147651344
162;ref;3017;0.20757437990000002;0.25271074516317293;0.0;0.017682133724479437;0.23906682176205016;0.0;0.0;0.0;0.20749270143661336;0.017575705345893488;0.4639913792768666;0.0;0.0;0.0;0.9096394212478303;576.2794900144473;77.82668733976563;19265.52103190096;2.103798858391394e6;43935.887522645055
161;ref;3245;0.20935409403333335;0.18565395906314483;0.0;0.017486730360216408;0.24511181808083912;0.0;0.0;0.0;0.13453023701816924;0.017585163979862727;0.42567698519533936;0.0;0.0;0.0;0.9096394212478303;576.2794900144473;77.90303049938746;19265.58817009942;2.0969824211864322e6;38724.30930155811
170;ref;3225;0.19425195536666667;0.41586028539273545;0.0;0.014943693603458201;0.21855125986362092;0.0;0.0;0.0;0.2633032557753786;0.017419224973072488;0.4263432944269466;0.0;0.0;0.0;0.9096394212478303;576.2794900144473;76.74411447542042;19265.383992690015;2.206885822502258e6;98014.00676953522
159;ref;3188;0.18124136255000003;0.2643967520743696;0.0;0.017702598733468057;0.23172049505086087;0.0;0.0;0.0;0.5044571198647636;0.017038447162168464;0.43673074386541183;0.0;0.0;0.0;0.9096394212478303;576.2794900144473;78.93444398948657;19265.64397337694;2.0623548438782108e6;30326.345197703162
153;ref;2770;0.34102549088333334;0.029536574039247362;0.0;0.01766335097692422;0.28023522000164924;0.0;0.0;0.0;0.035451137168417336;0.017692696100337205;0.5128888519513558;0.0;0.0;0.0;0.9096394212478303;576.2794900144473;80.00287139350417;19265.747229451477;2.020197676165458e6;7355.858737993928
168;ref;2994;0.2881444464;0.5851521676139536;0.0;0.017676434879134187;0.2467813052700821;0.0;0.0;0.0;0.3273487090491212;0.014092023316667462;0.4565152320384197;0.0;0.0;0.0;0.9096394212478303;576.2794900144473;76.86874059032873;19265.251833658745;2.185556898381822e6;81898.83003626371
163;ref;3011;0.32357487078333336;0.2679863728531807;0.0;0.01770789391679057;0.24946525527129382;0.0;0.0;0.0;0.3358923116733563;0.017331532504356616;0.4667532500907987;0.0;0.0;0.0;0.9096394212478303;576.2794900144473;77.69971265462576;19265.483897165366;2.1204087120291805e6;48633.12018270941
126;ref;3255;0.35152284015;0.2445322895343035;0.0;0.017647164934301334;0.2289631779126599;0.0;0.011459479131577306;0.0;0.14249000145597676;0.017625543453878068;0.4201783169377193;0.0;0.02295007916613583;0.0;0.9096394212478303;576.2794900144473;78.5702319308204;19265.510049257675;2.111195391048293e6;92809.68158770492
173;ref;3220;0.35453559354999997;0.5516465363227494;0.0;0.017467396378727944;0.2285556862382495;0.0;0.0;0.0;1.0231002819824768;0.017581425481265518;0.42214776088312767;0.0;0.0;0.0;0.9096394212478303;576.2794900144473;76.37071059432175;19265.33878066109;2.236585821600922e6;125622.04205986399
105;ref;3894;0.25892482741666667;0.06747840659127337;0.0;0.017540135867222396;0.1424876512261923;0.0;0.020049832013856635;0.0;0.1277889859751323;0.0175600083205174;0.27579128269387065;0.0;0.019951503534453036;0.0;0.9096394212478303;576.2794900144473;80.43522310204614;19265.84570835916;2.0130394152402075e6;533.2765760826566
110;ref;2817;0.66504390525;0.10656854347129485;0.0;0.01688657114338716;0.24602878251814617;0.0;0.015322702839581771;0.0;0.11216911901523866;0.01767116343613551;0.484621632838782;0.0;0.02653695471355465;0.0;0.9096394212478303;576.2794900144473;79.71813034503828;19265.71484179422;2.0343616741077707e6;15349.506817449097
174;ref;3785;0.19817847658333335;0.34735923734661905;0.0;0.017673116007637373;0.18829649575038368;0.0;0.0;0.0;0.17429462327257716;0.01674599138838035;0.30574869968638757;0.0;0.0;0.0;0.9096394212478303;576.2794900144473;76.38522760508525;19265.427457977603;2.2460961762034358e6;135722.27920143388
176;ref;3904;0.26697496378333335;0.3128392447838937;0.0;0.017693016239513793;0.20018778887355415;0.0;0.0;0.0;0.6189314356657731;0.016415577839022123;0.2771981026934107;0.0;0.0;0.0;0.9096394212478303;576.2794900144473;76.40548548430756;19265.47423361337;2.2658579937924133e6;156724.36569313807
175;ref;3890;0.2470654484;0.33638179598969037;0.0;0.017706823905915273;0.19925351925651233;0.0;0.0;0.0;0.3257811380013992;0.01648356541306247;0.2813876285398431;0.0;0.0;0.0;0.9096394212478303;576.2794900144473;76.49193209832389;19265.441430967443;2.2570664838756295e6;146141.01882825178
103;ref;3948;0.21034162120000002;0.05996020252002501;0.0;0.017501634063235166;0.16274017545314257;0.0;2.4338087834864155e-6;0.0;0.10565882426118793;0.01743528694813944;0.27137438996667146;0.0;4.9467430413323674e-6;0.0;0.9096394212478303;576.2794900144473;80.38699876722588;19265.836087746586;2.0127588006927979e6;0.00582026803608191
172;ref;3921;0.22294694178333335;0.23159347392169674;0.0;0.015674002151877895;0.14461393034530584;0.0;0.0;0.0;0.1747419987380085;0.017681820728577352;0.27577024532701244;0.0;0.0;0.0;0.9096394212478303;576.2794900144473;76.46877342727201;19265.54171713718;2.226385242599944e6;116019.41607974675
180;ref;3877;0.22642605923333334;0.40016197974819306;0.0;0.016816598814101226;0.14112128202071472;0.0;0.0;0.0;0.4973339353608689;0.017573702347097247;0.2801053522063266;0.0;0.0;0.0;0.9096394212478303;576.2794900144473;76.55580442316331;19265.356873476198;2.3004286895068674e6;200961.0072408966
177;ref;3996;0.2515708044;0.45266586501928363;0.0;0.017674970864665754;0.14304777408074523;0.0;0.0;0.0;0.3708455517195907;0.012578416533437595;0.2717797380714979;0.0;0.0;0.0;0.9096394212478303;576.2794900144473;76.45544301935145;19265.368891543345;2.2751691652187523e6;167857.09739080322
155;ref;3833;0.2710092216166667;0.04376329330314382;0.0;0.016238136117107872;0.1554940183552133;0.0;0.0;0.0;0.02524332744070836;0.017614063174284912;0.2816439533666175;0.0;0.0;0.0;0.9096394212478303;576.2794900144473;79.78817361670846;19265.72501190407;2.0291631951512909e6;14843.965427751227
120;ref;4144;0.2547087591;0.0471449307242501;0.0;0.01749232797864703;0.1635396692562822;0.0;0.012527908308063291;0.0;0.042593476647202;0.017624979716690102;0.24926558843495428;0.0;0.023509401454150095;0.0;0.9096394212478303;576.2794900144473;79.04252637659823;19265.725853692653;2.0817588222797802e6;62838.8588772479
124;ref;3933;0.24959484016666666;0.09328712020358354;0.0;0.01711644749959322;0.21561415388350444;0.0;0.007353618275183725;0.0;0.07439315155161294;0.01718168957367407;0.2905023432973243;0.0;0.014608843481996594;0.0;0.9096394212478303;576.2794900144473;78.70740550081672;19265.67901163981;2.1008735975831863e6;82836.21412797664
179;ref;4001;0.3186541105166667;0.29482938188270247;0.0;0.014729449791318773;0.16455941930337048;0.0;0.0;0.0;0.3360937601556254;0.01765683150793869;0.2662652759637194;0.0;0.0;0.0;0.9096394212478303;576.2794900144473;76.61917066834314;19265.472978409478;2.294492634410673e6;191023.45101331442
156;ref;3924;0.21737536023333334;0.047721614473614254;0.0;0.016943874498861818;0.15938576612389127;0.0;0.0;0.0;0.025726565693739;0.01768901862045768;0.2657074050125685;0.0;0.0;0.0;0.9096394212478303;576.2794900144473;79.69320130535789;19265.725682907763;2.0323234477937005e6;18605.961791988444
184;ref;3919;0.24072071096666667;0.09252549597929749;0.0;0.016866651204809832;0.15977750265938787;0.0;0.0;0.0;0.11638527109853437;0.01770195411365797;0.2769709265570339;0.0;0.0;0.0;0.9096394212478303;576.2794900144473;78.12384900481611;19265.678597870752;2.3174747889827155e6;234278.47811744674
111;ref;2893;0.8838474507333334;0.12123643570738123;0.0;0.01769481143140207;0.24708363414968293;0.0;0.016119072361055368;0.0;0.14072638850254632;0.013646136868326249;0.47708678428735296;0.0;0.031201403334626343;0.0;0.9096394212478303;576.2794900144473;79.60778132917805;19265.623578703424;2.0391988356620548e6;18099.25441057438
186;ref;3983;0.2417095671166667;0.23533836550951673;0.0;0.016759211398343455;0.16783407981596754;0.0;0.0;0.0;0.47914724426031763;0.017456503411213048;0.2727380551997488;0.0;0.0;0.0;0.9096394212478303;576.2794900144473;78.15718387653844;19265.59030123119;2.322765244461986e6;251046.80962642346
187;ref;3983;0.28919149990000004;0.09360815725541931;0.0;0.016619419985317865;0.1548525441725775;0.0;0.0;0.0;0.11359491508482172;0.017703833527872886;0.27834664046722907;0.0;0.0;0.0;0.9096394212478303;576.2794900144473;78.10249442047073;19265.679760685158;2.3244681238637236e6;258989.92375066632
182;ref;3952;0.2499798319666667;0.2860504891171588;0.0;0.015732814350678744;0.14196193808556687;0.0;0.0;0.0;0.22314081311963815;0.0175894870616813;0.27527906159533494;0.0;0.0;0.0;0.9096394212478303;576.2794900144473;77.75932638006272;19265.476700101863;2.3113330908704465e6;217169.0302576761
185;ref;4065;0.2788160379833334;0.09360961965589139;0.0;0.0175312731618938;0.15169820331238212;0.0;0.0;0.0;0.10611077008225916;0.0176470111706884;0.26121573960739336;0.0;0.0;0.0;0.9096394212478303;576.2794900144473;78.10101080856904;19265.67832941307;2.3200323429260044e6;242633.72316102125
191;ref;4071;0.3236167934333334;0.060814748372070154;0.0;0.017552688365076053;0.14553176011951313;0.0;0.0;0.0;0.049535404129079204;0.017705933883589396;0.2697516713354551;0.0;0.0;0.0;0.9096394212478303;576.2794900144473;78.98049703744705;19265.710348517874;2.3366030520067e6;294652.20844562777
189;ref;4129;0.24795292095000002;0.08460628280494166;0.0;0.01698326024273099;0.13523093861171473;0.0;0.0;0.0;0.028796710215174676;0.01763529619884316;0.26225266316866935;0.0;0.0;0.0;0.9096394212478303;576.2794900144473;78.27997679754999;19265.688395554615;2.3298124208888146e6;276238.67285424593
192;ref;3991;0.24776372605000002;0.03608230631656949;0.0;0.01698090687310209;0.14401725893283024;0.0;0.0;0.0;0.08517049786871123;0.017339455167242706;0.27335081415513385;0.0;0.0;0.0;0.9096394212478303;576.2794900144473;79.21774101848051;19265.73566970787;2.33964792185809e6;303605.0158365993
178;ref;3912;0.4559181763166667;0.38658732233891946;0.0;0.015246057380383617;0.17936641336935746;0.0;0.0;0.0;0.5369360464099258;0.017637617286825936;0.27100214196930206;0.0;0.0;0.0;0.9096394212478303;576.2794900144473;76.33566238437551;19265.428110529683;2.2845023606339823e6;179407.5842881659
164;ref;4584;0.2379135219;0.13815024087532937;0.0;0.017695890355311446;0.16101559990183317;0.0;0.0;0.0;0.21251543663217223;0.017354075367196565;0.15807110779014216;0.0;0.0;0.0;0.9096394212478303;576.2794900144473;77.68294008786712;19265.63817425894;2.127955239489451e6;54640.9057297537
181;ref;4454;0.24406135366666667;0.4116380979748759;0.0;0.017689120303837794;0.16376166603536813;0.0;0.0;0.0;0.5148617583729743;0.017161750188467405;0.21552171442287985;0.0;0.0;0.0;0.9096394212478303;576.2794900144473;76.4576326671895;19265.35747447273;2.304055376147589e6;209890.31131956843
104;ref;4579;0.23617996368333335;0.057682908417919704;0.0;0.01765195731310111;0.14057366368944138;0.0;2.1151231099540083e-6;0.0;0.03428623192460127;0.017106783844135786;0.17900470743574476;0.0;8.463376804356988e-7;0.0;0.9096394212478303;576.2794900144473;80.4518837406307;19265.82867469224;2.0123216058868296e6;0.006936600642060643
196;ref;4143;0.20028172885;0.06644479805072087;0.0;0.017579601986180093;0.17000799225014557;0.0;0.0;0.0;0.06026459430092992;0.017363213803836743;0.2598377686490725;0.0;0.0;0.0;0.9096394212478303;576.2794900144473;79.30748449956671;19265.71019587225;2.3450930946383593e6;336175.4589034581
195;ref;4145;0.23158843978333335;0.06073797520014765;0.0;0.01660903941162754;0.14548255225080606;0.0;0.0;0.0;0.06535005377700787;0.017513001203705823;0.26283990797224277;0.0;0.0;0.0;0.9096394212478303;576.2794900144473;79.36776885232186;19265.716488442835;2.344914254485103e6;328358.2128053627
190;ref;4355;0.23268428921666667;0.2469982385693507;0.0;0.015344297607961575;0.17925305234410174;0.0;0.0;0.0;0.20260661748441783;0.017693863779109673;0.2215913776806031;0.0;0.0;0.0;0.9096394212478303;576.2794900144473;78.67531573107982;19265.5774918476;2.3333899515832295e6;285453.061804448
198;ref;4173;0.25473011558333336;0.045580852344198876;0.0;0.017248893209257803;0.1511601397466037;0.0;0.0;0.0;0.04030576277905191;0.017575358425919778;0.25726471625861574;0.0;0.0;0.0;0.9096394212478303;576.2794900144473;79.30560422332918;19265.725539073068;2.345828561629136e6;352043.10725941986
119;ref;4761;0.24143293286666667;0.05692604906498959;0.0;0.017707577407249295;0.18232051625334178;0.0;0.004146561883554167;0.0;0.058801756735518816;0.012644414168016486;0.1289367663807642;0.0;0.006611992098687222;0.0;0.9096394212478303;576.2794900144473;79.04520604271825;19265.7162936999;2.077789282999528e6;57604.30691473276
157;ref;4593;0.27898829655;0.060400173690526394;0.0;0.017707569360484333;0.14053639192837183;0.0;0.0;0.0;0.07488467593722571;0.01173614294448671;0.17564882042523328;0.0;0.0;0.0;0.9096394212478303;576.2794900144473;79.48130169627315;19265.70976565809;2.0414180267705303e6;22507.485027023406
138;ref;4653;0.2891004407666667;0.07181454023789936;0.0;0.017625632943855243;0.17635554288878957;0.0;0.01161974008843023;0.0;0.03644762688836959;0.014544387899789244;0.09629802670169509;0.0;0.020367345053771767;0.0;0.9096394212478303;576.2794900144473;79.25177894405392;19265.703744459268;2.169142505568502e6;190456.0141103293
102;ref;4793;0.24423422498333336;0.06270138249544221;0.0;0.017705234903698387;0.132912493829407;0.0;5.376992008452144e-7;0.0;0.052131436933401505;0.012155782672074669;0.14900120585942786;0.0;1.0921680722996778e-6;0.0;0.9096394212478303;576.2794900144473;80.44614468051647;19265.830544807715;2.0123619449882265e6;0.0006121721226646877
122;ref;4758;0.24680573933333336;0.06274787537931113;0.0;0.01767773644309768;0.15263881314819128;0.0;0.0168865544912806;0.0;0.06012006846261959;0.013328197940861274;0.13644762376243902;0.0;0.008561336006257681;0.0;0.9096394212478303;576.2794900144473;78.9478389393381;19265.710161885956;2.0904623563778342e6;72357.79246472465
139;ref;4706;0.26274943973333337;0.06263810402937363;0.0;0.01770583643670061;0.15383788209157273;0.0;0.024842140837037882;0.0;0.07581234725800978;0.015146843801447075;0.08395941446670596;0.0;0.023171880523265662;0.0;0.9096394212478303;576.2794900144473;79.04511738845686;19265.710807913634;2.174446189347062e6;203818.58565765634
108;ref;4961;0.29446481405;0.0326794823931272;0.0;0.01770495772018304;0.1555133798777086;0.0;0.019143318610413847;0.0;0.0335521141720814;0.010862083222226739;0.12187316294404728;0.0;0.03347022043046337;0.0;0.9096394212478303;576.2794900144473;79.92100138081025;19265.720726043288;2.0248230419512002e6;10037.90247651974
201;ref;4467;0.2772412331833333;0.2008124159295264;0.0;0.01770230019588773;0.19813904313035957;0.0;0.0;0.0;0.21336870650604126;0.015469795812980747;0.2031425083190749;0.0;0.0;0.0;0.9096394212478303;576.2794900144473;79.33018139826508;19265.607438701725;2.3466855174586033e6;374981.12772949145
107;ref;5009;0.2770492767666667;0.017359907605651266;0.0;0.01763896927180417;0.15453929129974026;0.0;0.012958787251903152;0.0;0.014463867383734633;0.016337772704973785;0.12358506119974486;0.0;0.025939335668773867;0.0;0.9096394212478303;576.2794900144473;80.06370823469722;19265.78782436368;2.0206092162787132e6;7132.0481702562165
140;ref;4733;0.35857047020000005;0.05910646049611034;0.0;0.017628053912573743;0.11009646669741599;0.0;0.019142857128014387;0.0;0.11181489063170313;0.01763733755724242;0.05761364313764902;0.0;0.01045118487384295;0.0;0.9096394212478303;576.2794900144473;79.38362956479193;19265.71906196734;2.181009105983953e6;215602.96896033548
200;ref;4563;0.2952599949333334;0.19573805318835377;0.0;0.017706932694794442;0.14483902783619815;0.0;0.0;0.0;0.3795229777880451;0.013656239373773275;0.1975512646240146;0.0;0.0;0.0;0.9096394212478303;576.2794900144473;79.40563822699843;19265.73262571039;2.346760212414919e6;367343.09536227514
141;ref;4811;0.27746317503333334;0.0596498078808465;0.0;0.014467795364434313;0.07382875135316545;0.0;0.0031617034883291103;0.0;0.11716565599491846;0.017505692187657;0.04091774974368681;0.0;0.002748800279003911;0.0;0.9096394212478303;576.2794900144473;79.53274814185646;19265.72698618753;2.187443602152323e6;226805.19746865446
127;ref;4841;0.2555225928;0.07942113271256464;0.0;0.017566919801027737;0.16839318425085484;0.0;0.011985185733133709;0.0;0.06601833733082564;0.013753951724115697;0.12102496702349048;0.0;0.00595973816232138;0.0;0.9096394212478303;576.2794900144473;78.53504956289527;19265.693621110604;2.1158278979891404e6;98945.25824022603
188;ref;4186;0.35601614858333336;0.2598065083381548;0.0;0.014845409626442495;0.1352866299171759;0.0;0.0;0.0;0.21710619807612225;0.017538651760086996;0.24751795968916973;0.0;0.0;0.0;0.9096394212478303;576.2794900144473;78.14862809289053;19265.516255955867;2.3271045008097845e6;267373.70707832003
183;ref;4172;0.5001747163166667;0.30609968722558617;0.0;0.014263487139612271;0.15070495007154;0.0;0.0;0.0;0.18658644528101057;0.017622078953525397;0.24103642228708044;0.0;0.0;0.0;0.9096394212478303;576.2794900144473;78.01598137211323;19265.500625992234;2.3149598037440893e6;225922.04538878432
146;ref;4663;0.25905628270000003;0.03696704162246749;0.0;0.01770020146302576;0.1733247126959724;0.0;0.01610253965978454;0.0;0.07258843890914561;0.014298490668115265;0.0866656836850621;0.0;0.016951203339851572;0.0;0.9096394212478303;576.2794900144473;79.64955866655083;19265.739898388845;2.215174082198217e6;330304.5791914881
197;ref;4621;0.2721613988666667;0.03792781833528721;0.0;0.0176934363478134;0.14300376541640683;0.0;0.0;0.0;0.02278167631469573;0.013983278715213762;0.18914429712287364;0.0;0.0;0.0;0.9096394212478303;576.2794900144473;79.36414128328637;19265.734016549373;2.3453934865069934e6;344186.0731481759
130;ref;4949;0.31473808178333335;0.07794622857537029;0.0;0.017685090087975325;0.17651161330906567;0.0;0.004156641976359763;0.0;0.13702238202594796;0.017333470749365636;0.1200833641877551;0.0;0.003761989509946998;0.0;0.9096394212478303;576.2794900144473;78.41734345351298;19265.697100472244;2.129860432022172e6;121863.70355614186
145;ref;4652;0.28768227505;0.020115195624122215;0.0;0.01767932746033886;0.2035796610740792;0.0;0.01905903706091671;0.0;0.03092927718921746;0.01603670514713242;0.10582374325777287;0.0;0.03711131219396027;0.0;0.9096394212478303;576.2794900144473;79.66207512496389;19265.753244529966;2.209859630593931e6;289525.8813891685
128;ref;4910;0.24965448105000002;0.06580106048461719;0.0;0.01766977526602796;0.1521155873523279;0.0;0.006250335502137113;0.0;0.0633839911391697;0.012387371591762678;0.12556716843161214;0.0;0.004048360876889701;0.0;0.9096394212478303;576.2794900144473;78.53139325631207;19265.707224148904;2.1209300246839696e6;105327.63002407925
151;ref;4711;0.2785223505;0.042938572448854344;0.0;0.016977706327865143;0.12552499389009186;0.0;0.01490342352375784;0.0;0.051622209190692346;0.01770092568879021;0.06572749395149723;0.0;0.008872916889699834;0.0;0.9096394212478303;576.2794900144473;79.81137275145481;19265.727018887013;2.246663414511405e6;495811.08812562854
129;ref;4982;0.3310220924833333;0.07163819522480787;0.0;0.017629672014654457;0.15125768867519543;0.0;0.0030537848870224467;0.0;0.07942767786913965;0.013516261811061121;0.11243165392068744;0.0;0.0042808088218871075;0.0;0.9096394212478303;576.2794900144473;78.54606648572461;19265.7018417767;2.125487421337063e6;113388.90407507155
199;ref;4164;0.5573822640666667;0.0346841393963132;0.0;0.017271612705242197;0.1430178031211866;0.0;0.0;0.0;0.020146827297662616;0.017590171976664775;0.25396325117149066;0.0;0.0;0.0;0.9096394212478303;576.2794900144473;79.29664457436559;19265.73770729643;2.3462196454708003e6;359732.1544490915
152;ref;4837;0.28985903133333335;0.07033596001601415;0.0;0.017697394839203334;0.13411744248324695;0.0;0.0;0.0;0.07724090172990299;0.015799345816044554;0.14653319910455986;0.0;0.0;0.0;0.9096394212478303;576.2794900144473;80.37566609831613;19265.838633212035;2.014779179346497e6;3668.390750789824
193;ref;4162;0.46569945328333334;0.05303147989805943;0.0;0.01675385294394952;0.14097243211039898;0.0;0.0;0.0;0.05423442118502473;0.017587385819785455;0.26052964156407143;0.0;0.0;0.0;0.9096394212478303;576.2794900144473;79.39196800491725;19265.722152007405;2.341985279667573e6;312211.40774647816
144;ref;4714;0.2857562093666667;0.025605600948537574;0.0;0.01728867625731161;0.16069184431329622;0.0;0.012507171837862393;0.0;0.0328995784883905;0.01757029172707613;0.08135014016286751;0.0;0.024032343356309837;0.0;0.9096394212478303;576.2794900144473;79.48015080695947;19265.747327011897;2.2036648038329366e6;271134.3188154758
149;ref;4751;0.2582181214;0.04624406105842371;0.0;0.017383547251312272;0.11002795350515332;0.0;0.028186016469911812;0.0;0.08273567345077794;0.01703116127779222;0.05750168354110447;0.0;0.01418127846999756;0.0;0.9096394212478303;576.2794900144473;79.63712543685898;19265.73502597462;2.233003157935429e6;430469.5324482358
106;ref;4646;0.29803558885000003;0.0442062046944564;0.0;0.017689027116151897;0.13461675222094802;0.0;0.01229365351771675;0.0;0.049558797560252846;0.014409470176368492;0.16613534301064747;0.0;0.023953486094612075;0.0;0.9096394212478303;576.2794900144473;80.28535306363787;19265.817954867238;2.0152617787847114e6;2603.4874128583024
158;ref;4525;0.53693848515;0.08479251567035512;0.0;0.017701487508931697;0.14549458776636973;0.0;0.0;0.0;0.09273324984341508;0.012461773756965583;0.17737021005777262;0.0;0.0;0.0;0.9096394212478303;576.2794900144473;79.33655253465386;19265.690547073104;2.047448073546901e6;26345.924992863227
150;ref;4809;0.29438625371666666;0.04394780661507631;0.0;0.017679470575436135;0.11805026106858983;0.0;0.003947248546750283;0.0;0.03690839349812019;0.014696895790640742;0.059384115823849275;0.0;0.006846607585188406;0.0;0.9096394212478303;576.2794900144473;79.65678026870468;19265.727307364894;2.2399425312381363e6;456383.9769808957
142;ref;4910;0.2481190995166667;0.04411919382690828;0.0;0.0143203202881698;0.07733087080517977;0.0;0.02112970596251836;0.0;0.07282722058627429;0.01770503254401692;0.04232208824914363;0.0;0.017289067387360857;0.0;0.9096394212478303;576.2794900144473;79.80500004975156;19265.75001281564;2.193502228809989e6;238746.2056091309
121;ref;4789;0.5908124549333333;0.06968720382039556;0.0;0.017708773724042594;0.1796526553165182;0.0;0.016143131962819853;0.0;0.07840649273323312;0.011050774083356339;0.12743416130103172;0.0;0.009653319465220024;0.0;0.9096394212478303;576.2794900144473;79.03369538469802;19265.705631932044;2.0859106275829598e6;67719.46194605179
135;ref;4672;0.3246554227166667;0.06729529247168965;0.0;0.017694245782000795;0.1805840152050784;0.0;0.004874537541591166;0.0;0.058140599870140426;0.01478788679161929;0.09522542416587738;0.0;0.004102877688319148;0.0;0.9096394212478303;576.2794900144473;78.63519810215045;19265.704451855614;2.1543986640359485e6;157999.36980852173
132;ref;4894;0.46703879481666666;0.09776520039364446;0.0;0.01770765812926949;0.18094056788411986;0.0;0.012808779944929781;0.0;0.053138972907584806;0.01341927497219645;0.09764497499159258;0.0;0.0243540643595737;0.0;0.9096394212478303;576.2794900144473;78.50918647042025;19265.67468557288;2.139705287414496e6;137819.25888555136
136;ref;4766;0.3434510890333334;0.0834947630116647;0.0;0.016658514791187344;0.09236548899460349;0.0;0.009987924358269458;0.0;0.10199125477944314;0.017702303123204647;0.04892907831314031;0.0;0.019858300836966714;0.0;0.9096394212478303;576.2794900144473;79.13047354139233;19265.69548067331;2.158565823808258e6;166705.16375522537
134;ref;4830;0.35656879878333336;0.08448209675207079;0.0;0.016395155039347194;0.0983568860165665;0.0;0.013907511969277302;0.0;0.09241406321227101;0.017566200675167308;0.053475124781795356;0.0;0.009213488445986283;0.0;0.9096394212478303;576.2794900144473;78.71182543389452;19265.690422515396;2.1490191782562444e6;151272.46258022333
143;ref;4694;0.4625847903833334;0.05104367247036619;0.0;0.017703325339710148;0.1701214056793243;0.0;0.010125613514775277;0.0;0.02665978739487688;0.0122957173324734;0.09741630231959765;0.0;0.00531009437029436;0.0;0.9096394212478303;576.2794900144473;79.60103755058532;19265.721881873982;2.1987789174376004e6;254833.70494955478
133;ref;4885;0.4106863548666667;0.08364093780572432;0.0;0.01768931490028687;0.14210784620274464;0.0;0.01162392697820096;0.0;0.12379369001663906;0.013077567371327075;0.07689472977771165;0.0;0.018292551133700114;0.0;0.9096394212478303;576.2794900144473;78.59669775613268;19265.69125316734;2.1444326876031025e6;144863.33562839212
131;ref;4886;0.45792243011666667;0.0696534096401414;0.0;0.017677237553913948;0.19669100814453203;0.0;0.005639847172293802;0.0;0.0993846628064685;0.0155934137367093;0.10804616754172802;0.0;0.001987003996326238;0.0;0.9096394212478303;576.2794900144473;78.4446284820859;19265.70372165722;2.1337921924946476e6;130590.10213824376
148;ref;4805;0.35591714475;0.05937617307317637;0.0;0.01768818640727722;0.1093516317854144;0.0;0.07602740755286878;0.0;0.06445010510125387;0.010999088394296214;0.055802008658552046;0.0;0.03806557134400211;0.0;0.9096394212478303;576.2794900144473;79.61544425294687;19265.721315480663;2.2257455246811686e6;402769.4724884191
194;ref;3992;1.1585162977333332;0.037424033631556414;0.0;0.017180399567743712;0.14395507754496584;0.0;0.0;0.0;0.028503314887853005;0.017445488067685977;0.2729670207126745;0.0;0.0;0.0;0.9096394212478303;576.2794900144473;79.42945479935362;19265.73471797246;2.343874492439256e6;320348.9264223458
296;ref;3125;0.25115548885;0.4217803699024547;0.0;0.015067393853989442;0.22638838500723663;0.0;0.053933363623838645;0.0;0.40892488314864994;0.017278071119316167;0.4357623830804042;0.0;0.059499582102539375;0.0;0.9096394212478303;576.2794900144473;78.59668228271673;19265.364049934007;2.181572351659074e6;227655.43386228563
291;ref;3196;0.18087225498333334;0.4443426208345429;0.0;0.017698048350164267;0.24409253927776967;0.0;0.04375725313321257;0.0;0.46576064001596923;0.013287378437388024;0.42661924901834397;0.0;0.10607881983904802;0.0;0.9096394212478303;576.2794900144473;78.52544400880714;19265.542258090398;2.1564641467449456e6;164011.48558541675
286;ref;3670;0.22747584068333335;0.11184553462808722;0.0;0.017706594524134853;0.21964371492263576;0.0;0.015416594094564516;0.0;0.10195276044676117;0.014940255048014968;0.3732863037300475;0.0;0.029944456397561093;0.0;0.9096394212478303;576.2794900144473;78.45146884976765;19265.65887931377;2.129478001130971e6;120310.82701696122
233;ref;3909;0.18871181093333336;0.27632312786589086;0.0;0.01629736011487014;0.18637079502406478;0.0;0.0;0.0;0.2549369810821413;0.0175736626798161;0.287242496925995;0.0;0.0;0.0;0.9096394212478303;576.2794900144473;83.16578097110894;19266.03934183501;1.978806639704748e6;1966.2614738254977
283;ref;3938;0.27368589708333335;0.0928290735532113;0.0;0.01636776624474099;0.183472420242802;0.0;0.00420867302813301;0.0;0.15757983156603325;0.017660158085674886;0.28322538402221786;0.0;0.008244984030455626;0.0;0.9096394212478303;576.2794900144473;78.44472908558848;19265.67598215922;2.1164724485502215e6;96278.88502713354
253;ref;3952;0.2343910585;0.06396886697482812;0.0;0.0174993373900483;0.16320360452866417;0.0;2.4244386894819614e-6;0.0;0.11895511465760011;0.016978918454526544;0.2714396736374376;0.0;4.9261748027635945e-6;0.0;0.9096394212478303;576.2794900144473;80.41351347567733;19265.835906936238;2.0128352481633986e6;0.0058110536753502185
279;ref;3917;0.26262844386666667;0.08279281493921431;0.0;0.017677606384417417;0.20855063941829852;0.0;0.029322206284867144;0.0;0.07959924174527934;0.017531932887333335;0.2919340006091605;0.0;0.014745707231969505;0.0;0.9096394212478303;576.2794900144473;78.61072541587744;19265.692134887413;2.097041781951843e6;75020.44998541214
276;ref;3961;0.25790688955;0.1330053824432669;0.0;0.01763548384876019;0.1743454016825882;0.0;0.020427687840237428;0.0;0.08442927411967022;0.017680207258989302;0.26557415480672647;0.0;0.010423565429642338;0.0;0.9096394212478303;576.2794900144473;78.85542131982137;19265.64662345909;2.0830321147885288e6;60581.32292732757
230;ref;4004;0.21398172703333335;0.2512203512948898;0.0;0.017429676545269238;0.15231836106200322;0.0;0.0;0.0;0.2684596972980652;0.017699168115307324;0.27313005376367216;0.0;0.0;0.0;0.9096394212478303;576.2794900144473;83.16715253922878;19266.01182300082;1.9787706086769104e6;1781.924460654357
202;ref;4051;0.16443866723333336;0.15615614343079626;0.0;0.017340620829428315;0.16469397189274057;0.0;0.0;0.0;0.27695497862945917;0.017668982563390834;0.26403496507787033;0.0;0.0;0.0;0.9096394212478303;576.2794900144473;83.1700520447898;19265.923840836123;1.9788218944607398e6;61.4456710570468
203;ref;4051;0.21864016886666668;0.17170759543449188;0.0;0.017338864011396272;0.16473006243249594;0.0;0.0;0.0;0.27423531483010954;0.017667886658923947;0.26404081150017666;0.0;0.0;0.0;0.9096394212478303;576.2794900144473;83.16896950051222;19265.938487471638;1.9788172791600027e6;122.8913421140936
204;ref;4051;0.2237550743166667;0.17170985958160404;0.0;0.01733700029742837;0.16470578554107748;0.0;0.0;0.0;0.2722589484553018;0.017684082663993277;0.26405498326119625;0.0;0.0;0.0;0.9096394212478303;576.2794900144473;83.16906364453988;19265.938490588396;1.9788221644227158e6;184.33701317114043
220;ref;4103;0.2154997812666667;0.22885095918721388;0.0;0.017553123093026483;0.15006143367039493;0.0;0.0;0.0;0.34252252377031955;0.017705297472995374;0.25225003560631115;0.0;0.0;0.0;0.9096394212478303;576.2794900144473;83.1734727351657;19265.989991928494;1.9788291956930328e6;1167.4677500838893
243;ref;4097;0.25905922325;0.21054969194648798;0.0;0.017209644301817376;0.15717800177565758;0.0;0.0;0.0;0.373678563266736;0.01761521519970701;0.253776394033361;0.0;0.0;0.0;0.9096394212478303;576.2794900144473;83.21147315606066;19265.974167305852;1.9789199985996604e6;2580.7181843959656
225;ref;4149;0.24136349058333334;0.2066746990758918;0.0;0.017695130926877786;0.15037667875076324;0.0;0.0;0.0;0.35643346111815016;0.017381465553771742;0.25334870916917684;0.0;0.0;0.0;0.9096394212478303;576.2794900144473;83.15219178842644;19265.970704635667;1.9788250900805015e6;1474.6961053691234
281;ref;4124;0.25125438165;0.11785234195525562;0.0;0.01756513538719042;0.1467946881079554;0.0;0.011365267706426915;0.0;0.1191085252786959;0.017627403465908176;0.26405413973849806;0.0;0.006177506128763949;0.0;0.9096394212478303;576.2794900144473;78.51345405463825;19265.661335324778;2.1066423968388145e6;85369.83313451521
282;ref;4097;0.20128847838333333;0.08398857837835598;0.0;0.016541326733579564;0.15787156356259277;0.0;0.01591351421234812;0.0;0.09477906676324202;0.017677215799392066;0.26455424438104685;0.0;0.009204522413764397;0.0;0.9096394212478303;576.2794900144473;78.44995852236869;19265.690893189716;2.111727101640442e6;90844.23851641014
293;ref;4027;0.2398637302;0.09561106544621438;0.0;0.017467450526619122;0.2856374911894126;0.0;0.033086990785406716;0.0;0.09243043874059931;0.017507618643699357;0.27140795741888757;0.0;0.04799912207383274;0.0;0.9096394212478303;576.2794900144473;78.54229490591162;19265.679704773058;2.165319485289444e6;189834.4550855132
221;ref;4241;0.16683473993333334;0.22882307901669238;0.0;0.017706701097927394;0.1470878567488699;0.0;0.0;0.0;0.22622356271320349;0.014511058209120964;0.24052985416299136;0.0;0.0;0.0;0.9096394212478303;576.2794900144473;83.16968731523494;19266.004223157794;1.9788041497357902e6;1228.913421140936
292;ref;4058;0.23240006273333336;0.08737041823573327;0.0;0.016959146886168636;0.2860961454700035;0.0;0.0313580466668812;0.0;0.06656109168510342;0.017328530273115674;0.27063884554877965;0.0;0.04109213952053587;0.0;0.9096394212478303;576.2794900144473;78.53481288925617;19265.68739543665;2.160348133784618e6;176582.1796617773
250;ref;4301;0.2422744463666667;0.23161484693502582;0.0;0.017684369751109024;0.14715561236728458;0.0;0.0;0.0;0.31137251570164187;0.01438760287335034;0.2264031304224375;0.0;0.0;0.0;0.9096394212478303;576.2794900144473;83.20761492516331;19266.010596720687;1.9788647084395892e6;3010.8378817952935
216;ref;4322;0.22390887478333335;0.229612100781371;0.0;0.017683737646223247;0.15225912683488918;0.0;0.0;0.0;0.2513853240628994;0.01669936465524133;0.227223351117875;0.0;0.0;0.0;0.9096394212478303;576.2794900144473;83.18089541383155;19266.00567875931;1.9788420958521229e6;921.6850658557021
209;ref;4325;0.23259792525;0.1714983926517162;0.0;0.017703016012579613;0.13979142273483883;0.0;0.0;0.0;0.24125178579767667;0.01621930225005889;0.22319529865684495;0.0;0.0;0.0;0.9096394212478303;576.2794900144473;83.16328211666904;19265.942761450977;1.9787622527079058e6;491.5653684563744
210;ref;4325;0.20483831948333334;0.17129830616289154;0.0;0.017669841039094945;0.13782348046273113;0.0;0.0;0.0;0.2798981654464408;0.016864709414171185;0.22305471481078348;0.0;0.0;0.0;0.9096394212478303;576.2794900144473;83.16021356569176;19265.940481489342;1.9787565412212445e6;553.0110395134211
246;ref;4339;0.2686273492666667;0.21204817373873028;0.0;0.017690672625724067;0.1542174242738782;0.0;0.0;0.0;0.2873806144796639;0.01582293949193515;0.22486508740042302;0.0;0.0;0.0;0.9096394212478303;576.2794900144473;83.23061316171925;19265.990541003222;1.9789903624274943e6;2765.055197567106
245;ref;4344;0.19638015411666668;0.21137019112162775;0.0;0.017664577614482573;0.14902270380419202;0.0;0.0;0.0;0.3174851306546489;0.015259055559126896;0.22428244631568559;0.0;0.0;0.0;0.9096394212478303;576.2794900144473;83.22082808331649;19265.9866334902;1.9789339408344913e6;2703.6095265100594
236;ref;4368;0.20688879485000003;0.253723568246433;0.0;0.017707922580579284;0.15033221490186122;0.0;0.0;0.0;0.2839778359249254;0.012559603950847738;0.2259874068151725;0.0;0.0;0.0;0.9096394212478303;576.2794900144473;83.1940640797239;19266.036905213805;1.9788989683488763e6;2150.598486996638
251;ref;4363;0.23954734580000003;0.2077326388966628;0.0;0.017686339882030583;0.15194942138953174;0.0;0.0;0.0;0.31099391168629065;0.014186621379680218;0.22693315171776113;0.0;0.0;0.0;0.9096394212478303;576.2794900144473;83.16467907775741;19265.985883162055;1.9788593215374446e6;3072.28355285234
205;ref;4334;0.21080129071666667;0.18894330498322198;0.0;0.01727877206671506;0.14796063417609417;0.0;0.0;0.0;0.24981826857840697;0.016784355945861185;0.22577640103047147;0.0;0.0;0.0;0.9096394212478303;576.2794900144473;83.16764101663586;19265.962878027913;1.9787962850236753e6;245.7826842281872
239;ref;4377;0.25226481885;0.2085100699823473;0.0;0.017691773890879423;0.1361276866685627;0.0;0.0;0.0;0.33711624819596725;0.013143856589705247;0.22407413449447677;0.0;0.0;0.0;0.9096394212478303;576.2794900144473;83.17602355796294;19265.989268769627;1.9788815707465524e6;2334.9355001677786
238;ref;4380;0.23401487743333335;0.2098099644153126;0.0;0.017705975274233163;0.1330423896579907;0.0;0.0;0.0;0.3277766935612711;0.013955551291216079;0.22362196565647902;0.0;0.0;0.0;0.9096394212478303;576.2794900144473;83.1959724977473;19265.990194104554;1.9788979145945362e6;2273.4898291107315
241;ref;4435;0.25327324300000004;0.23075509781268486;0.0;0.017705102414886483;0.10859635385768289;0.0;0.0;0.0;0.3269987885420239;0.015800183138973654;0.21592235566033638;0.0;0.0;0.0;0.9096394212478303;576.2794900144473;83.19555685637933;19266.01214456167;1.9789414188024136e6;2457.826842281872
237;ref;4098;0.2553459212833334;0.20878361165065756;0.0;0.017304781122409026;0.15456420425473663;0.0;0.0;0.0;0.402534765558639;0.017547584023888767;0.25311424268428023;0.0;0.0;0.0;0.9096394212478303;576.2794900144473;83.18490642870867;19265.970919542913;1.978876305313172e6;2212.0441580536844
208;ref;4603;0.23666552795;0.17151632252437357;0.0;0.017692364472881143;0.12602603560845155;0.0;0.0;0.0;0.2696378056458724;0.014692660317777953;0.19727009123249498;0.0;0.0;0.0;0.9096394212478303;576.2794900144473;83.16225271697604;19265.947019387306;1.9787555851759166e6;430.11969739932766
244;ref;4587;0.24033251001666667;0.21094216271323243;0.0;0.01768905774803641;0.13448554184712835;0.0;0.0;0.0;0.3626265763332426;0.01544950965886582;0.19610937250808066;0.0;0.0;0.0;0.9096394212478303;576.2794900144473;83.21318388950796;19265.99090059303;1.978868002996907e6;2642.1638554530127
256;ref;4605;0.28699867786666666;0.051042932065252046;0.0;0.017661833412170404;0.13501789628259464;0.0;3.2728030882385766e-6;0.0;0.08875910242529728;0.015300252277145696;0.17625792509796387;0.0;6.6483123314360935e-6;0.0;0.9096394212478303;576.2794900144473;80.44019572881996;19265.815010711212;2.0123664537642591e6;0.018928602525051696
272;ref;4121;0.3111253926166667;0.06412598208708507;0.0;0.016104610439549385;0.1763096866684551;0.0;0.009784018264213273;0.0;0.039596986662143445;0.017301943814219484;0.263000076534822;0.0;0.01841022071688917;0.0;0.9096394212478303;576.2794900144473;79.1121753201361;19265.70956160844;2.0652833379297806e6;44186.11346565584
207;ref;4059;0.6022785905333333;0.17181332600176857;0.0;0.017241860952546782;0.15245827741029014;0.0;0.0;0.0;0.1417911865052327;0.017640183752003297;0.2731729484983792;0.0;0.0;0.0;0.9096394212478303;576.2794900144473;83.16963722861436;19265.942555325742;1.978740097229565e6;368.67402634228085
223;ref;4719;0.2718471191166667;0.18926494732271715;0.0;0.01769209740857058;0.12602961713348187;0.0;0.0;0.0;0.2858331718692649;0.012342194694558037;0.1821198757652316;0.0;0.0;0.0;0.9096394212478303;576.2794900144473;83.17223753113535;19265.964923933203;1.97877734927246e6;1351.8047632550297
275;ref;4732;0.30532717643333335;0.08707170268010714;0.0;0.017684737259068564;0.1781106792992315;0.0;0.01079779025311034;0.0;0.07654280588367605;0.011818681743244169;0.12935990273257147;0.0;0.0211765781083709;0.0;0.9096394212478303;576.2794900144473;78.90246170901136;19265.68854051973;2.0789212266205873e6;56441.08507107328
274;ref;4774;0.23655274256666667;0.049674011918184435;0.0;0.017495355181530062;0.17081648229366317;0.0;0.010555078990533444;0.0;0.04052716360373998;0.01611094919932578;0.10007373577858476;0.0;0.01412719876925715;0.0;0.9096394212478303;576.2794900144473;78.9924610460331;19265.723009708727;2.0742459293878733e6;52336.50048414157
217;ref;4343;0.4364315477166667;0.2082499434852026;0.0;0.017707795876869863;0.14506669574520747;0.0;0.0;0.0;0.27372130801483935;0.015475777475890072;0.22426839018242603;0.0;0.0;0.0;0.9096394212478303;576.2794900144473;83.17365123943752;19265.98225163783;1.9788189816207674e6;983.1307369127488
212;ref;4342;0.3181263590166667;0.18846842115290605;0.0;0.017706340127919093;0.15097705806562142;0.0;0.0;0.0;0.24134331274792903;0.014976210920790708;0.22721983681814992;0.0;0.0;0.0;0.9096394212478303;576.2794900144473;83.15945171515101;19265.9622029925;1.9787816169596887e6;675.9023816275148
301;ref;4755;0.24481909968333335;0.08313085839722906;0.0;0.016949387153252612;0.1917665053893443;0.0;0.005659882095306951;0.0;0.06713303075552886;0.017707993199412724;0.09899390883463821;0.0;0.002916753133903117;0.0;0.9096394212478303;576.2794900144473;78.84793574397416;19265.688117825426;2.211178852008808e6;371799.04005745146
227;ref;4416;0.30116680253333333;0.2278547604831785;0.0;0.017598665842407237;0.15576284830764014;0.0;0.0;0.0;0.30394129356194066;0.017175338411846746;0.2233232858834175;0.0;0.0;0.0;0.9096394212478303;576.2794900144473;83.15583790339103;19266.004217054346;1.9788500449271663e6;1597.5874474832171
299;ref;4791;0.22983429595000002;0.09077252046984326;0.0;0.017705284702506843;0.19145007113134632;0.0;0.01489550504406355;0.0;0.07487403132348419;0.016757309391687278;0.0967045001891884;0.0;0.008377265315850878;0.0;0.9096394212478303;576.2794900144473;78.96022645717181;19265.68136101865;2.198790773835418e6;303579.89334522333
298;ref;4782;0.20973348743333334;0.06324351490328986;0.0;0.017689940184246754;0.17507644960415025;0.0;0.023704086835328403;0.0;0.10487919222943433;0.01471326815041429;0.09526334892354117;0.0;0.014079083037534811;0.0;0.9096394212478303;576.2794900144473;78.93871690137038;19265.711556155802;2.1933814119284754e6;252770.44672819375
232;ref;4508;0.39484031715;0.25346407093543355;0.0;0.017678470802402924;0.11224101284851734;0.0;0.0;0.0;0.29283883289901963;0.014368782884363896;0.2081155755907139;0.0;0.0;0.0;0.9096394212478303;576.2794900144473;83.19057233138614;19266.036101756115;1.978856720909349e6;1904.8158027684508
297;ref;4806;0.26385573435000004;0.05900222128498247;0.0;0.016264254559914076;0.1388874317480113;0.0;0.003776556264118892;0.0;0.0321629369977235;0.016925285780512736;0.07152393565771803;0.0;0.0036709931264243927;0.0;0.9096394212478303;576.2794900144473;78.80342294296304;19265.713419283325;2.1873473830762436e6;239882.4983967126
247;ref;4504;0.4524660604833334;0.23240825869217896;0.0;0.017610846950533016;0.10861971931778994;0.0;0.0;0.0;0.3440657369877341;0.013542588015740998;0.20655274356462047;0.0;0.0;0.0;0.9096394212478303;576.2794900144473;83.21887023804372;19266.009562799136;1.9788997440374466e6;2826.5008686241526
242;ref;4518;0.4142540444666667;0.2111675214300638;0.0;0.01767049830795082;0.11341809743545654;0.0;0.0;0.0;0.35298434565182424;0.014544260985577949;0.20808959747010006;0.0;0.0;0.0;0.9096394212478303;576.2794900144473;83.21666148601253;19265.990740370307;1.9789122752546158e6;2519.2725133389185
257;ref;4580;0.5213818721;0.04402864370239961;0.0;0.01766532506906563;0.14075485914056077;0.0;0.011036028082552132;0.0;0.03901395360166692;0.01464438133593067;0.1757213052081346;0.0;0.021175761180144657;0.0;0.9096394212478303;576.2794900144473;80.34493356837673;19265.811324054703;2.0126374436143478e6;572.6917158552973
277;ref;4737;0.3761795156;0.04952382199273889;0.0;0.017660494444231692;0.18673216654604113;0.0;0.015664265040181934;0.0;0.07578583257745729;0.01733346621176934;0.12248565666711972;0.0;0.023711287210575086;0.0;0.9096394212478303;576.2794900144473;78.78471142630448;19265.72259451386;2.087768337063154e6;65408.50181587126
300;ref;4875;0.48562526786666665;0.17634532383379029;0.0;0.017689660933688175;0.2044495186155286;0.0;0.005523447767514014;0.0;0.19411549331674116;0.016907987813189758;0.11060816933012389;0.0;0.004610493585281046;0.0;0.9096394212478303;576.2794900144473;78.96397112186271;19265.59049159688;2.205010652771563e6;349252.0199610567