id;SCN_CT;SCN_QT;SCN_H_2000;SCN_H_3000;SCN_FP;SCN_HPA;SCN_CG;SCB_H_4000;CN_CAP_CT;CN_CAP_QT;CN_CAP_H_2000;CN_CAP_H_3000;CN_CAP_FP;CN_CAP_HPA;CN_CAP_CG;CN_CAP_H_4000;CN_PROD_CT;CN_PROD_QT;CN_PROD_H_2000;CN_PROD_H_3000;CN_PROD_FP;CN_PROD_HPA;CN_PROD_CG;CN_PROD_H_4000;H2_COST_CT;H2_COST_QT;H2_COST_H_2000;H2_COST_H_3000;H2_COST_FP;H2_COST_HPA;H2_COST_CG;H2_COST_H_4000;RES_COST_CT;RES_COST_QT;RES_COST_H_2000;RES_COST_H_3000;RES_COST_FP;RES_COST_HPA;RES_COST_CG;RES_COST_H_4000;TOT_COST_CT;TOT_COST_QT;TOT_COST_H_2000;TOT_COST_H_3000;TOT_COST_FP;TOT_COST_HPA;TOT_COST_CG;TOT_COST_H_4000;ETS_COST_CT;ETS_COST_QT;ETS_COST_H_2000;ETS_COST_H_3000;ETS_COST_FP;ETS_COST_HPA;ETS_COST_CG;EST_COST_H_4000;NET_COST_CT;NET_COST_QT;NET_COST_H_2000;NET_COST_H_3000;NET_COST_FP;NET_COST_HPA;NET_COST_CG;NET_COST_H_4000;PS_COST_CT;PS_COST_QT;PS_COST_H_2000;PS_COST_H_3000;PS_COST_FP;PS_COST_HPA;PS_COST_CG;PS_COST_H_4000;H2S_COST_CT;H2S_COST_QT;H2S_COST_H_2000;H2S_COST_H_3000;H2S_COST_FP;H2S_COST_HPA;H2S_COST_CG;H2S_COST_H_4000;INDS_COST_CT;INDS_COST_QT;INDS_COST_H_2000;INDS_COST_H_3000;INDS_COST_FP;INDS_COST_HPA;INDS_COST_CG;INDS_COST_H_4000
1;2;52;102;252;152;202;302;352;73.42958273;;;;;;;;8.657071097;;;;;;;;2.682325715;;;;;;;;652.6886893;;;;;;;;5613235.9;;;;;;;;162.6062413;;;;;;;;492.7647737;;;;;;;;;;;;;;;;;;;;;;;;;;;;;;;
2;3;53;103;253;153;203;303;353;;;;;;;;;;;;;;;;;;;;;;;;;;;;;;;;;;;;;;;;;;;;;;;;;;;;;;;;;;;;;;;;;;;;;;;;;;;;;;;;
3;4;54;104;254;154;204;304;354;;;;;;;;;;;;;;;;;;;;;;;;;;;;;;;;;;;;;;;;;;;;;;;;;;;;;;;;;;;;;;;;;;;;;;;;;;;;;;;;
4;5;55;105;255;155;205;305;355;;;;;;;;;;;;;;;;;;;;;;;;;;;;;;;;;;;;;;;;;;;;;;;;;;;;;;;;;;;;;;;;;;;;;;;;;;;;;;;;
5;6;56;106;256;156;206;306;356;;;;;;;;;;;;;;;;;;;;;;;;;;;;;;;;;;;;;;;;;;;;;;;;;;;;;;;;;;;;;;;;;;;;;;;;;;;;;;;;
6;7;57;107;257;157;207;307;357;;;;;;;;;;;;;;;;;;;;;;;;;;;;;;;;;;;;;;;;;;;;;;;;;;;;;;;;;;;;;;;;;;;;;;;;;;;;;;;;
7;8;58;108;258;158;208;308;358;;;;;;;;;;;;;;;;;;;;;;;;;;;;;;;;;;;;;;;;;;;;;;;;;;;;;;;;;;;;;;;;;;;;;;;;;;;;;;;;
8;9;59;109;259;159;209;309;359;;;;;;;;;;;;;;;;;;;;;;;;;;;;;;;;;;;;;;;;;;;;;;;;;;;;;;;;;;;;;;;;;;;;;;;;;;;;;;;;
9;10;60;110;260;160;210;310;360;;;;;;;;;;;;;;;;;;;;;;;;;;;;;;;;;;;;;;;;;;;;;;;;;;;;;;;;;;;;;;;;;;;;;;;;;;;;;;;;
10;11;61;111;261;161;211;311;361;;;;;;;;;;;;;;;;;;;;;;;;;;;;;;;;;;;;;;;;;;;;;;;;;;;;;;;;;;;;;;;;;;;;;;;;;;;;;;;;
11;12;62;112;262;162;212;312;362;;;;;;;;;;;;;;;;;;;;;;;;;;;;;;;;;;;;;;;;;;;;;;;;;;;;;;;;;;;;;;;;;;;;;;;;;;;;;;;;
12;13;63;113;263;163;213;313;363;;;;;;;;;;;;;;;;;;;;;;;;;;;;;;;;;;;;;;;;;;;;;;;;;;;;;;;;;;;;;;;;;;;;;;;;;;;;;;;;
13;14;64;114;264;164;214;314;364;;;;;;;;;;;;;;;;;;;;;;;;;;;;;;;;;;;;;;;;;;;;;;;;;;;;;;;;;;;;;;;;;;;;;;;;;;;;;;;;
14;15;65;115;265;165;215;315;365;-0.278281042;;;;;;;;-0.033236797;;;;;;;;550.2521798;;;;;;;;-169.3355605;;;;;;;;-532.39;;;;;;;;-1110.169208;;;;;;;;1491.085828;;;;;;;;94868.39;;;;;;;;-7058.03;;;;;;;;-14401.17;;;;;;;
15;16;66;116;266;166;216;316;366;1.608370027;;;;;;;;0.138382359;;;;;;;;1187.480699;;;;;;;;-123.5898575;;;;;;;;-344.45;;;;;;;;-1008.164863;;;;;;;;2072.055705;;;;;;;;94976.48;;;;;;;;-6945.27;;;;;;;;-14434.07;;;;;;;
16;17;67;117;267;167;217;317;367;6.541481677;;;;;;;;0.384316245;;;;;;;;4220.10736;;;;;;;;-165.4430987;;;;;;;;369.54;;;;;;;;-1277.770249;;;;;;;;5332.434511;;;;;;;;95508.82;;;;;;;;-6659.81;;;;;;;;-14537.87;;;;;;;
17;18;68;118;268;168;218;318;368;11.5479195;;;;;;;;0.562880363;;;;;;;;7921.265354;;;;;;;;177.5759903;;;;;;;;1117.5;;;;;;;;-276.0012541;;;;;;;;8374.842598;;;;;;;;95827.48;;;;;;;;-6132.25;;;;;;;;-14636.16;;;;;;;
18;19;69;119;269;169;219;319;369;16.53988419;;;;;;;;0.854098431;;;;;;;;12265.85616;;;;;;;;265.1142643;;;;;;;;;;;;;;;;-944.7186183;;;;;;;;13475.68904;;;;;;;;96552.86;;;;;;;;-5456.32;;;;;;;;-14829.22;;;;;;;
19;20;70;120;270;170;220;320;370;21.53037434;;;;;;;;0.994723374;;;;;;;;16122.69358;;;;;;;;299.6790392;;;;;;;;3461.28;;;;;;;;-932.3780434;;;;;;;;17354.75067;;;;;;;;96970.24;;;;;;;;-4665.59;;;;;;;;-14901.78;;;;;;;
20;21;71;121;271;171;221;321;371;26.54317586;-0.272081641;2.001548255;0.908730491;0.280789854;0.317553025;;;1.232193774;-0.030372332;0.194108492;0.077928179;0.039035205;0.046470445;;;20816.39739;1.872164855;3201.087565;590.1883073;263.8135457;-11598.63494;;;479.691845;28.02333298;-17.31050382;46.73878571;-9.882934235;-189.9976932;;;5171.26;-786.13;-244.41;-235.73;-910.79;-1249.29;;;-485.6291225;-4300.463275;-1253.919843;-953.512208;3836.273513;4540.755687;;;21781.71836;4330.358773;4437.696904;1590.439301;-3582.342901;-16329.38832;;;97857.99;94536.87;95411.51;95221.41;94650.48;94264.47;;;-3679.9;-7103.99;-7147.18;-7041.95;-6895.9;-6827.61;;;-15065.24;-14277.42;-14567.16;-14473.61;-14723.76;-14744.55;;
21;22;72;122;272;172;222;322;372;31.54218695;-0.286935217;5.772959983;1.941106753;0.214127823;0.271947;;;1.311685583;-0.03275491;0.470674212;0.238962711;0.031049138;0.041193561;;;25138.91404;3.871457277;4363.860472;2180.370516;288.0428594;-11554.4829;;;618.5268921;-16.13643854;-225.8162147;-117.3012851;-129.7161738;-114.9830398;;;6630.61;-941.8;338.32;-209.96;-951.69;-831.08;;;-846.6021293;-4512.771806;-1761.967039;-1948.785681;3951.49587;4026.378714;;;26604.04306;4500.506825;5900.011297;4011.854912;-3793.169184;-15695.84466;;;98363.97;94377.83;96152.64;95636.54;94598.19;94670.11;;;-2600.16;-7109.18;-7145.48;-7268.67;-6885.01;-6845.82;;;-15191.62;-14268.86;-14727.25;-14636.24;-14723.29;-14713.77;;
22;23;73;123;273;173;223;323;373;36.53718989;1.386726859;9.542162465;2.990377582;1.110987302;0.904849075;;;1.394907477;0.143431013;0.591553591;0.310952065;0.146667066;0.139186755;;;29322.57897;639.7759655;7737.16503;3965.598051;1048.319436;-12568.09013;;;349.0925047;155.9708748;206.9203561;-32.63991807;99.10047109;-64.05504813;;;8965.67;-202.75;776.54;112.56;-689.85;-958.13;;;-1036.835613;-3488.307157;-1591.777809;-1664.571066;4168.872438;4066.405792;;;30708.50708;4284.053997;9535.863195;5597.529199;-3021.45253;-16698.55097;;;99640.84;95064.3;96177.5;95924.92;94768.14;94517.11;;;-1430.17;-6964.62;-6682.03;-7202.97;-6756.74;-6794.08;;;-15303.43;-14360.85;-14777.35;-14667.8;-14759.67;-14739.57;;
23;24;74;124;274;174;224;324;374;41.54372029;1.942079275;13.3135954;6.465044961;1.929247385;2.012942853;;;1.515623445;0.542885478;0.79475238;0.542916334;0.543256608;0.538640563;;;33759.13524;4758.523346;11686.71638;7016.256828;6140.657519;-8421.623623;;;139.6440765;-4.162794076;119.1346506;37.37210208;-207.0213388;215.3940121;;;10605.01;292.91;1701.99;759.93;-152.68;-301.78;;;-1200.333549;-4753.694031;-2086.320173;-2763.299145;2445.113394;2998.076471;;;35099.11287;9508.054583;13892.17121;9816.928075;3488.522786;-11204.30608;;;100089.93;95601.6;97040.94;96759.69;95482.45;95220.21;;;-161.87;-6749.86;-6443.36;-7157.64;-6673.35;-6579.83;;;-15381.47;-14617.25;-14953.99;-14900.55;-15020.17;-15000.58;;
24;25;75;125;275;175;225;325;375;46.53495999;6.171372545;17.08443071;9.935727193;6.23684433;6.180865557;;;1.719406797;0.94266644;0.942900026;0.942570652;0.944530898;0.940130171;;;39103.1552;6943.797373;14397.46187;10647.33794;9037.780737;-6516.189391;;;63.80355764;-160.7462612;-17.07195778;31.13398714;-76.38528451;161.3572836;;;12363.52;980.31;2696.82;1508.15;762.06;678.06;;;-1477.729213;-5858.971188;-2405.512884;-2956.760898;2072.420034;2031.24064;;;40644.68798;12642.0223;16785.9028;13635.23283;6888.975419;-8386.072747;;;100605.64;96108.18;97660.86;97256.88;96261.43;96124.94;;;1178.32;-6433.1;-5940.84;-6728.9;-6344.7;-6333.95;;;-15478.86;-14753.18;-15081.63;-15078.24;-15213.08;-15171.34;;
25;26;76;126;276;176;226;326;376;51.53011938;8.318173068;20.85214355;13.40740773;8.267588692;7.935023458;;11.22509425;1.67535831;1.342468835;1.342505933;1.342339926;1.34434466;1.340754031;;1.342861928;44067.00076;11702.56877;18883.04746;16128.07087;15203.71785;-1246.787859;;;143.1039153;-308.2521703;128.3721381;-239.9892804;-142.1909483;-319.9203857;;-208.7026216;14427.44;2071.41;4235.82;2951.82;1468.9;1155.12;;;-1481.169558;-6311.560632;-3226.340626;-4308.396867;1576.984485;1216.584629;;-4554.407278;45691.27424;17705.87723;22237.76022;20196.47845;13484.54242;-2783.292874;;;101360.11;97110.71;98876.75;98903.6;96910.12;96613.1;;98763.8;2522.03;-6146.26;-5402;-6622.67;-6061.88;-6071.77;;-6609.76;-15513.12;-14951.47;-15297.35;-15387.51;-15437.75;-15444.63;;-15386.49
26;27;77;127;277;177;227;327;377;56.5391557;12.32786205;24.62296004;16.88161097;12.30212778;12.32634603;;;1.706681143;1.742891954;1.742441015;1.742399692;1.744020164;1.741425154;;;49629.90083;15243.76018;24417.1867;19032.13422;19597.15431;2261.301829;;;-289.6373615;-411.9037795;-284.3752257;-166.7991522;-17.77370021;-152.8414772;;;15709.65;3391.81;5040.1;4067.87;3188.5;3088.01;;;-1504.429686;-7349.73426;-5505.878996;-5545.282502;681.9816953;479.6066721;;;50844.69315;22181.59066;29638.69048;24410.61757;18897.39891;1628.85368;;;101437.91;98220;99435.28;99656.48;98440.8;98321.19;;;3753.65;-5663.12;-4809.28;-6060.2;-5595.56;-5586.31;;;-15540.32;-15223.5;-15644.32;-15586.83;-15715.16;-15705.28;;
27;28;78;128;278;178;228;328;378;61.53367969;15.21635401;28.39807252;20.35489181;15.15956636;15.18127547;;;1.796221185;2.142911213;2.142831733;2.142353245;2.142955735;2.142880644;;;54579.22145;20321.31551;28216.41492;24204.59293;25952.14294;7720.61196;;;-63.82897854;-256.0310993;-90.77169663;-75.14374232;-356.5931503;152.246548;;;17873.63;4194.18;6030.19;4784.1;4701.69;3631.72;;;-1845.447679;-8674.846128;-6513.516747;-7177.078159;-1144.995957;-795.0822047;;;56360.84015;28740.13054;34639.15998;31306.52734;26740.54574;8667.940713;;;102300.97;98915.3;99868.12;100357.49;99859.28;98799.37;;;5131.27;-5219.33;-3988.06;-5667.44;-5170.27;-5171.77;;;-15617.03;-15560.22;-15908.28;-15964.36;-16045.74;-16054.3;;
28;29;79;129;279;179;229;329;379;66.52915182;18.39234188;32.15605024;23.83184547;18.30902784;18.3582877;;;1.857896594;2.542922449;2.541405127;2.542729727;2.542987528;2.542856603;;;59679.12737;25700.71988;33390.8196;28595.84516;32756.93616;13060.11864;;;-144.7289225;-261.631464;-325.1883211;-248.0682084;-549.5300329;-569.0854777;;;20520.51;5588.8;7866.79;5679.26;5576.03;5539.62;;;-1710.38556;-9669.146896;-8033.609243;-8209.963119;-2270.710684;-2444.291559;;;61244.784;35108.23531;41099.24053;36557.74007;34478.11681;14935.32473;;;103682.23;100132.83;101218.79;100984.93;100546.51;100502.79;;;6397.71;-4734.58;-3200.6;-5083.41;-4664.91;-4661.34;;;-15617.82;-15867.85;-16209.81;-16280.66;-16363.97;-16360.24;;
29;30;80;130;280;180;230;330;380;71.53494615;21.33869558;35.96169792;27.32890013;21.34465712;21.27769429;;;1.886649434;2.942915112;2.945034427;2.942910468;2.943160822;2.942275713;;;64724.69221;30527.79882;38194.36228;35201.50182;39023.35195;18904.66914;;;-378.0318234;-395.1572101;-698.6600558;-282.4403215;-366.3633301;-436.2689662;;;22682.14;7220.78;10345.53;7549.86;7194.7;6770.65;;;-1676.655678;-10589.44436;-9397.059426;-9840.008947;-3451.530388;-3262.983339;;;66023.31606;40722.08596;46892.76165;44759.07045;42108.51901;21731.38352;;;104498.47;101643.99;103467.41;102918.33;102020.68;101609.5;;;7736.66;-4341.32;-2786.41;-4934.58;-4234.47;-4247.78;;;-15611.41;-16140.3;-16393.87;-16492.3;-16649.92;-16649.47;;
30;31;81;131;281;181;231;331;381;76.54168977;25.60771982;39.70038646;30.80269294;25.58887406;25.60854539;;;1.963931823;3.342664202;3.341562;3.342736928;3.342725044;3.342684524;;;70061.31043;44657.15156;46015.84152;40629.67147;56015.45608;33082.42676;;;-532.2266409;-550.436026;-723.1842265;-797.9881052;-563.2170856;-431.0305264;;;25742.36;8744.19;12608.12;11060.13;8141.09;8199.64;;;-2379.265252;-9262.468153;-8576.283093;-10703.4469;-2422.297062;-2610.866394;;;71908.34904;53369.18369;53868.94038;50535.13026;57874.53605;35262.26262;;;106352.56;103037.03;105317.36;106477.49;102864.33;102943.71;;;9070.66;-4251.37;-2359.48;-4690.88;-4137.83;-4169.99;;;-15739.27;-16099.88;-16408.16;-16784.9;-16643.82;-16632.49;;
31;32;82;132;282;182;232;332;382;81.53909283;29.93658801;43.47655122;34.28364955;29.78816124;29.81214626;;;2.005808872;3.742893891;3.742064322;3.7415749;3.743060157;3.742877964;;;74689.15794;52463.15306;53911.05418;50407.29627;66715.43509;40147.68569;;;-279.602536;-694.2126799;-512.3790242;-661.8722426;-564.4613236;-481.2977168;;;26885.59;11045.75;14867.92;13496.15;10600.27;10504.37;;;-1919.239048;-9763.76882;-8684.64741;-10367.82632;-3175.758981;-3272.085747;;;76328.79445;61532.7092;62083.32257;60113.25035;69326.73274;42938.47372;;;106051.69;105196.26;107217.53;108687.42;105280.21;105164.28;;;10432.89;-3907.39;-1879.14;-4349.99;-3856.42;-3854.4;;;-15657.39;-16301.54;-16528.88;-16899.7;-16881.92;-16863.9;;
32;33;83;133;283;183;233;333;383;86.53973438;34.19450369;47.25508185;37.77020873;34.07026893;34.00710917;;;2.042474497;4.142912732;4.142817571;4.141215112;4.143201435;4.142760333;;;79215.36178;60400.02926;61466.74182;61900.78702;76691.8634;50464.96086;;;-299.7014676;-78.72594454;-564.0316733;-628.1048447;-412.6692319;-291.7118959;;;29562.4;13168.05;17095.04;15201.01;14581.83;14377.72;;;-2520.739891;-10651.1347;-9977.619958;-9194.338686;-4768.945677;-4782.41642;;;81436.4002;70972.43802;70880.33011;70467.02086;81048.13985;54955.66538;;;107313.65;107053.77;109148.14;109626.61;109016.89;108804.18;;;11766.08;-3355.17;-1405.82;-3577.16;-3330.87;-3321.53;;;-15575.75;-16588.96;-16705.71;-16906.86;-17162.61;-17163.35;;
33;34;84;134;284;184;234;334;384;91.54153457;38.97131951;51.00224608;41.2560588;39.01439838;38.95261287;;;2.078185723;4.542928938;4.540244071;4.540569112;4.542822179;4.542716031;;;84250.27906;73555.14813;74567.39881;72059.59984;92522.4803;62647.85111;;;-69.3790192;-196.2740638;-399.9105783;-721.9259942;-627.9720152;-666.224168;;;32260.59;16395.01;19680.85;18470.49;18007.55;18084.25;;;-2145.429531;-11380.14124;-9929.510292;-10805.39005;-4851.659827;-4937.712031;;;86326.32957;84739.01531;84096.99852;82143.06389;96746.16811;66919.33897;;;108522.03;109935.96;110853.94;112575.87;112068.52;112132.56;;;13186.22;-2826.2;-438.12;-2827.05;-2815.07;-2793.82;;;-15506.07;-16773.16;-16793.37;-17336.75;-17304.31;-17312.92;;
34;35;85;135;285;185;235;335;385;96.53208291;42.8201338;54.79553551;45.69163074;42.79351614;42.70986895;;;2.1277464;4.942924427;4.942562641;4.937813968;4.94286976;4.941746885;;;89220.95071;85791.07151;86875.83333;86549.36626;107528.3873;78876.53179;;;-51.27656853;-424.8856019;-646.1407578;-767.7421416;-562.3889512;-584.2445656;;;34708.95;19345.6;22714.59;19682.56;20030.29;20086.36;;;-2257.312257;-11691.1782;-11099.67145;-12050.10712;-5135.074109;-5142.691215;;;91426.98639;97057.36411;97329.36401;97831.73124;112101.0725;83434.97844;;;109575.38;112001.34;113223.21;112795.63;113213;113305.55;;;14574.75;-1754.35;581.4;-1548.4;-1715.95;-1758.38;;;-15499.6;-16959.8;-17148.44;-17623.1;-17525.17;-17519.23;;
35;36;86;136;286;186;236;336;386;101.5337472;45.81445887;58.5696614;49.15478706;45.84878134;45.76432883;;;2.155656717;5.342909611;5.342848736;5.342891093;5.342902708;5.342039671;;;93890.3215;98068.44311;98243.89461;102357.7751;122347.5015;89463.23781;;;-43.80474451;-437.4557276;-944.9201989;-698.4114495;-658.51325;-805.1791678;;;37620.47;20984.71;23628.35;22273.93;21902.74;22017.47;;;-2075.306851;-11771.77397;-13316.7995;-12985.45972;-4863.340677;-4982.408095;;;95921.8236;109402.7614;110615.7739;114644.8234;126552.329;93640.46674;;;110948.57;112792.57;113392.05;114307.89;114224.88;114413.29;;;16074.33;-787.44;1810.03;-356.18;-741.97;-817.55;;;-15460.84;-17078.84;-17632.16;-17736.2;-17638.59;-17636.69;;
36;37;87;137;287;187;237;337;387;106.5332369;50.33229982;62.38685408;52.89087547;50.37451371;50.37059291;;;2.196809036;5.74290346;5.742894271;5.741974867;5.74286946;5.742529233;;;99438.92694;113356.6772;115410.2909;114453.1988;140418.7653;102611.4827;;;61.0824871;-755.4155415;-1118.309198;-901.4390394;-560.1275821;-575.0349452;;;41003.59;23901.5;25345.75;23519.71;24384.58;24444.87;;;-2028.57293;-11187.77708;-12995.38829;-12524.61955;-4358.651626;-4202.200577;;;101528.5824;123789.0387;127287.37;126076.3793;144217.2893;106238.6483;;;112817.34;114696.51;114108.79;114737.26;115719.71;115710.93;;;17591.06;302.54;2948.78;562.7;324.91;355.71;;;-15463.22;-17155.97;-17770.23;-17838.66;-17718.45;-17680.19;;
37;38;88;138;288;188;238;338;388;111.5382542;56.279822;66.16362706;58.15704677;56.26275796;56.2741095;;;2.216832379;6.142924003;6.142828903;6.142442526;6.142729777;6.143947005;;;105840.4188;129982.9601;129009.6043;127898.4673;160235.0135;124810.4709;;;-404.9997562;-823.8930135;-1132.527476;-545.6813461;-967.0370245;-1044.041967;;;44799.4;27517.44;28617.2;27920.4;28111.93;28306.98;;;-2050.767305;-10102.6487;-13913.68347;-11377.46042;-3654.9024;-3608.849095;;;107486.1863;139261.7158;141790.7603;138730.2464;162922.8788;127375.278;;;115044.76;116592.59;116615.41;117282.22;117704.56;117857.74;;;19163.12;2099.2;3946.13;2434.42;2096.15;2136.47;;;-15466.92;-17232.77;-18002.75;-17854.66;-17747.19;-17745.63;;
38;39;89;139;289;189;239;339;389;116.5424369;60.83361859;69.91963847;64.54112839;60.88719583;60.86577219;;;2.22741966;6.542891235;6.542872591;6.542491005;6.54395855;6.545152694;;;112420.7075;144336.9182;140864.233;145545.3562;177961.839;136558.924;;;-693.9198921;-1138.862825;-1393.725162;-660.2290615;-1474.890306;-1354.656778;;;47179.66;31092.32;30450.98;31571.24;31967.85;32060.14;;;-2435.648578;-9005.426411;-13362.38647;-11014.56986;-3028.818944;-3118.829405;;;114162.4362;152203.4818;152832.8943;155899.697;179515.7677;138323.0966;;;115696.1;118739.41;117272.19;118977.16;120184.55;120272.87;;;20923.1;3574.61;5184.43;4464.42;3549.52;3549.38;;;-15497.97;-17280.12;-18064.04;-17928.76;-17824.64;-17820.53;;
39;40;90;140;290;190;240;340;390;121.5481154;65.44245535;73.70610017;69.46117102;65.52097926;65.46421903;;;2.228643521;6.942904823;6.943142623;6.941677526;6.942060456;6.943134962;;;119227.2278;158222.5712;161753.3351;159851.6487;194507.3244;157117.6067;;;-644.443155;-1076.973856;-1394.055428;-839.5549861;-1093.886187;-1296.67762;;;49600.96;34863.81;35145.62;35217.93;36284.59;35865.59;;;-2403.350233;-7122.997547;-10832.75195;-6838.80937;-2201.420583;-2157.46251;;;120986.1349;164268.5948;171192.0316;165850.9031;195614.8588;157978.3916;;;116261.63;121189.03;120956.68;120900.56;123034.37;122646.26;;;22748.75;4782.16;5847.44;5700.76;4981.13;4949.86;;;-15467.83;-17165.81;-17716.93;-17441.8;-17789.3;-17788.94;;
40;41;91;141;291;191;241;341;391;126.5492477;70.72943995;77.4932906;72.51513432;70.68997742;70.65549959;;;2.225143921;7.343013471;7.34095702;7.34224853;7.344187563;7.341519094;;;126419.4175;174866.361;185677.6541;179818.1042;213830.8877;169600.3118;;;-646.6022873;-1031.399709;-1385.289085;-866.7690814;-1227.614899;-1093.664159;;;51755.99;37753.57;40450.75;38961.63;39612.82;39690.72;;;-1532.902946;-4510.277859;-7210.77081;-4466.091498;203.6068575;-7.891687131;;;127305.7182;178345.2391;191503.1358;183417.4266;212399.6659;168514.5393;;;116446.91;122911.8;125321.33;123999.94;125269.77;125411.19;;;24571.94;5672.96;6302.21;6029.82;5776.25;5738.38;;;-15321.27;-16889.6;-17231.2;-17126.55;-17491.62;-17517.27;;
41;42;92;142;292;192;242;342;392;131.5418431;74.87352087;81.26456975;76.35134737;74.80689288;74.77959352;;;2.208827454;7.742927397;7.743075758;7.742794623;7.740857948;7.741591202;;;133780.3393;200571.3792;201523.8622;202821.5189;242002.9026;190375.4858;;;-541.6372696;-940.7193015;-1001.251833;-866.6527363;-1134.985476;-1277.673345;;;54029.25;41799.09;45126.22;44519.62;43305.03;43333.32;;;-1069.962949;-1728.80732;-4234.250921;-2166.410926;2845.559848;2874.705042;;;134308.665;201359.4672;204756.8612;204121.2771;238022.3572;186223.1074;;;116834.72;126153.17;129100.69;128945.27;128188.6;128196.65;;;26366.29;6123.38;6803.49;6374.79;6167.98;6177.92;;;-15230.17;-16535.88;-16836.36;-16858.85;-17109.96;-17099.66;;
42;43;93;143;293;193;243;343;393;136.5457577;79.49648903;85.02475757;82.53867434;79.42934339;79.44136224;;;2.209619835;8.142926765;8.142932136;8.142953326;8.140783045;8.141760681;;;141548.3065;219721.8028;226985.7747;226498.8024;265274.4627;217614.6836;;;-967.096562;-783.0585817;-1302.239476;-728.156331;-1257.785455;-1345.917396;;;56421.79;48049.24;49453.15;48481.89;49007.97;49176.54;;;-1271.040638;205.4068672;-757.4610137;1883.986926;4295.021831;4441.814596;;;141852.2506;218733.3373;226440.9962;223886.6591;259721.6554;211826.9516;;;117357.55;131343.97;131974.45;130736.04;132855.92;132943.92;;;28230.16;6956.25;7828.28;7898.84;6945.89;7012.93;;;-15224.32;-16309.39;-16407.99;-16211.39;-16852.24;-16838.72;;
43;44;94;144;294;194;244;344;394;141.5397576;82.59291663;88.81754849;85.5020029;82.57138808;82.62908008;;;2.207656784;8.542927084;8.542977097;8.542900897;8.539381829;8.540999392;;;148972.9435;248741.2772;256164.2928;255222.9318;297624.1277;241274.9316;;;-1012.095484;-940.2660686;-866.0394601;-759.5307197;-1310.799697;-1533.807354;;;58782.21;53132.67;53863.24;53704.28;54456.09;54599.75;;;-761.3612039;4988.790415;1134.289924;3709.203347;8902.951043;8975.265386;;;148722.2092;242812.2208;254163.9634;250754.1977;287410.3769;230765.8588;;;117750.29;135045.54;134548.98;134659.33;136830.26;136921.58;;;30109.86;7805.14;9408.01;8991.93;7761.63;7812.84;;;-15136.35;-15776.4;-16152.17;-16005.4;-16194.23;-16193.07;;
44;45;95;145;295;195;245;345;395;146.5448064;87.33702974;92.59261526;88.96861948;87.24152893;87.2054007;;;2.210980269;8.942930783;8.94303654;8.942872966;8.94133987;8.942420907;;;156192.3725;274745.1769;282103.4781;279173.925;327151.9248;276471.8967;;;-856.3845136;-718.4652315;-1173.64101;-840.2342541;-1596.150453;-1762.009077;;;61022.91;59123.63;58838.6;59016.67;60088.7;59890.57;;;-685.432824;9629.14371;6256.05992;8090.1631;12929.27709;12935.08182;;;156021.4208;264397.568;274673.7772;270243.5277;312626.4973;261774.8058;;;117935.92;138850.86;137494.92;138145.82;140303.53;140082.88;;;32141.09;9443.16;10758.54;10242.36;9349.77;9356.16;;;-15112.52;-15228.79;-15473.28;-15429.92;-15623.01;-15606.88;;
45;46;96;146;296;196;246;346;396;151.5422084;92.19858795;96.35881454;94.04475498;92.15067322;92.13057386;;;2.216214252;9.342929776;9.342573662;9.342926452;9.33909564;9.342045689;;;163215.0019;305039.8597;309622.8601;309785.9702;360860.6909;301907.0363;;;-915.2558407;-649.7324459;-1109.303184;-720.3650515;-1447.389051;-1754.157801;;;64721.59;64903.9;64476.35;65142.32;64741.21;64396.88;;;-608.3082855;14265.15483;10851.41781;14519.00596;17177.89626;17271.88863;;;162908.0543;290124.9724;297662.1391;294546.5991;342235.4056;282880.9898;;;119626.77;142325.67;140862.88;141454.61;142566.28;142141.52;;;34128.1;11101.62;12296.31;12157.41;11055.28;11114;;;-15091.69;-14581.81;-14741.24;-14528.12;-14938.77;-14917.06;;
46;47;97;147;297;197;247;347;397;156.539121;96.58235066;100.5340037;99.24185595;96.30544018;96.38623864;;;2.219021663;9.742929589;9.740472623;9.74300161;9.738257599;9.742115873;;;169285.2518;332177.3485;335528.6753;333596.6255;391443.3651;322174.9106;;;-490.0751837;-445.4713375;-904.4274967;-581.6932495;-1446.189643;-1844.464577;;;69242.02;71108.49;69280.2;71786.57;69014.12;68861.45;;;-502.0950944;17039.48639;13905.68459;16115.86731;19348.20018;19401.22754;;;169297.2717;314692.3908;320718.5632;316899.0649;370648.9753;300929.2185;;;122108.23;146655.82;143619.5;145914.78;145030.03;144756.78;;;36141.52;12611.92;13917.25;14082.36;12488.36;12595.04;;;-15066.14;-14217.66;-14314.95;-14268.99;-14562.69;-14548.78;;
47;48;98;148;298;198;248;348;398;161.5380992;101.325948;104.9560918;103.851913;101.3366763;101.3126847;;;2.231073939;10.14292854;10.1411694;10.14287858;10.13463227;10.14026601;;;175166.0131;369163.0424;372396.8427;370937.1216;428807.8849;370149.3872;;;-158.2714841;-586.8351097;-696.2671828;-432.9625785;-1470.594647;-1824.839988;;;71560.96;76386.09;76109.75;77136.75;74596.74;74681.39;;;-546.0745352;20185.28599;15791.15314;18448.9405;21130.26593;21644.49111;;;175553.8161;348390.9213;355909.4224;352055.2185;406207.0244;346680.0561;;;122415.49;149859.97;148311.23;149087.22;148785.09;148503.84;;;38146.9;14384.35;15834.75;16035.58;14043.69;14336.49;;;-15059.86;-13916.64;-14094.64;-14044.45;-14290.46;-14217.35;;
48;49;99;149;299;199;249;349;399;166.5262623;106.4205538;110.407384;108.9259617;106.1303195;106.2936067;;;2.226557634;10.54293019;10.5400502;10.54299036;10.54036176;10.54440493;;;180637.5993;397927.8748;394759.6328;395364.7811;461199.1479;390763.4853;;;67.05250917;-749.8614801;-1358.306673;-570.4316255;-1916.705925;-2252.640041;;;74504.95;82983.14;83003.24;84670.71;81224.61;80506.91;;;42.96096693;21979.25227;16907.53133;19247.55606;23586.0391;23774.54816;;;180661.6908;375198.761;376493.7948;375546.7934;435696.4028;364736.2971;;;123326.4;154427.92;153077.19;154773.17;153010.07;152145.07;;;40092.44;16166.06;17951.78;17875.93;16069.14;16186.71;;;-14972.29;-13669.27;-14084.14;-14036.8;-13913.03;-13883.28;;
49;50;100;150;300;200;250;350;400;171.529004;112.8464151;115.0019341;114.6297317;112.61089;112.5739376;;;2.233188885;10.94248731;10.93399932;10.93713994;10.93353383;10.94196246;;;187434.2811;456271.0332;451375.6579;452133.7259;522061.0204;462623.3562;;;-127.3489018;-979.9329301;-1002.486027;-625.7908369;-1370.35295;-1801.107305;;;77414.2;90838.29;90727.1;92288.65;88740.27;88449.19;;;246.9386351;24924.8223;17867.16214;19822.57421;26260.75709;26203.5908;;;187059.9936;430366.278;432506.0097;431685.3609;494429.9104;434618.6581;;;124174.06;159446.59;158627.29;159778.61;157965.73;157320.62;;;42113.35;18656.18;20087.69;20448.01;18245.38;18584.79;;;-14931.61;-13322.89;-14046.27;-13996.37;-13529.25;-13514.63;;
50;51;101;151;301;201;251;351;401;176.5187157;117.3402824;120.3007883;119.7687714;116.9953073;117.2838117;;;2.227923063;11.33535958;11.33559092;11.33838118;11.328017;11.33904287;;;193529.1702;572610.692;562791.4788;562121.5566;644956.3468;570068.6186;;;-137.8638369;-1611.215394;-1375.579629;-1595.743743;-1515.307268;-1679.551177;;;80434.63;98973.34;98664.44;98960.04;96425.17;96493.66;;;218.89623;19819.65308;14853.07071;16656.12397;21926.72115;22523.48798;;;193172.4101;551179.8235;546562.8284;543869.6889;621514.3183;545865.5794;;;125210.59;166223.23;164281.6;164882.11;164255;163905.41;;;44094.55;20520.4;22782.86;22474.22;20234.46;20578.3;;;-14928.93;-13828.69;-14458.43;-14454.69;-14122.72;-14048.46;;
