Hour;EOM_price;EOM_price_CT;EOM_price_QT;EOM_price_FP;EOM_price_CfD;H2_price;H2_price_CfD;H2_price_CT;H2_price_QT;H2_price_FP
1;1477.101868;1613.706065;164.6437263;1452.397838;1455.177678;88.13952714;87.91666749;87.87472421;87.78302017;87.9074687
2;1447.627806;1568.55129;164.643725;1415.165772;1418.017621;88.13952714;87.91666749;87.87472421;87.78302017;87.9074687
3;985.604524;996.7060307;164.6430247;867.2086707;870.9683739;88.13952714;87.91666749;87.87472421;87.78302017;87.9074687
4;628.3734963;513.1999807;136.5962738;434.350516;438.8359299;88.13952714;87.91666749;87.87472421;87.78302017;87.9074687
5;409.8950331;256.7366411;136.5962542;163.1977996;166.9393496;88.13952714;87.91666749;87.87472421;87.78302017;87.9074687
6;219.3535853;164.7967616;136.5962537;136.7675658;136.7588175;88.13952714;87.91666749;87.87472421;87.78302017;87.9074687
7;165.1597177;164.7967498;136.5962458;136.7674381;136.7588152;88.13952714;87.91666749;87.87472421;87.78302017;87.9074687
8;165.1596989;136.8271734;136.5962385;136.7674279;136.7588131;88.13952714;87.91666749;87.87472421;87.78302017;87.9074687
9;165.1462667;136.8271726;136.596225;136.7673781;136.7588093;88.13952714;87.91666749;87.87472421;87.78302017;87.9074687
10;137.3090997;136.8271574;136.59621;136.7673742;136.7588076;88.13952714;87.91666749;87.87472421;87.78302017;87.9074687
11;137.3090874;136.8271531;136.5961965;136.76735;136.7588066;88.13952714;87.91666749;87.87472421;87.78302017;87.9074687
12;137.3090872;136.8271503;136.5961919;136.7673348;136.7588034;88.13952714;87.91666749;87.87472421;87.78302017;87.9074687
13;137.3090802;136.8271487;136.5961731;136.7673341;136.7588011;88.13952714;87.91666749;87.87472421;87.78302017;87.9074687
14;137.3090799;136.8271439;136.5961612;136.7673286;136.7588006;88.13952714;87.91666749;87.87472421;87.78302017;87.9074687
15;137.3090744;136.8271434;136.5961348;136.7673077;136.7587973;88.13952714;87.91666749;87.87472421;87.78302017;87.9074687
16;137.3090664;136.8271408;136.5961098;136.7673044;136.7587971;88.13952714;87.91666749;87.87472421;87.78302017;87.9074687
17;137.3090606;136.8271385;136.5961043;136.767297;136.7587956;88.13952714;87.91666749;87.87472421;87.78302017;87.9074687
18;137.3090548;136.8271383;136.5961027;136.7672966;136.7587928;88.13952714;87.91666749;87.87472421;87.78302017;87.9074687
19;137.3090493;136.8271383;136.5961006;136.7672913;136.7587927;88.13952714;87.91666749;87.87472421;87.78302017;87.9074687
20;137.3090492;136.8271382;136.5960685;136.7672879;136.7587916;88.13952714;87.91666749;87.87472421;87.78302017;87.9074687
21;137.3090391;136.8271381;136.5960599;136.7672877;136.7587881;88.13952714;87.91666749;87.87472421;87.78302017;87.9074687
22;137.3090308;136.8271371;136.5960575;136.7672831;136.7587805;88.13952714;87.91666749;87.87472421;87.78302017;87.9074687
23;137.3090217;136.8271371;136.5960563;136.7672828;136.7587791;88.13952714;87.91666749;87.87472421;87.78302017;87.9074687
24;137.3090152;136.8271368;136.5960544;136.7672787;136.7587785;88.13952714;87.91666749;87.87472421;87.78302017;87.9074687
25;137.3090078;136.8271357;136.5960513;136.7672759;136.7587772;88.13933409;87.9166671;87.87471743;87.78300439;87.90523437
26;137.3090072;136.8271351;136.5960494;136.7672697;136.7587738;88.13933409;87.9166671;87.87471743;87.78300439;87.90523437
27;137.3090025;136.8271332;136.5960406;136.7672677;136.7587733;88.13933409;87.9166671;87.87471743;87.78300439;87.90523437
28;137.3089945;136.8271329;136.5960383;136.7672674;136.7587706;88.13933409;87.9166671;87.87471743;87.78300439;87.90523437
29;137.3089941;136.8271328;136.5960354;136.7672644;136.7587684;88.13933409;87.9166671;87.87471743;87.78300439;87.90523437
30;137.3089884;136.8271328;136.596032;136.7672617;136.758768;88.13933409;87.9166671;87.87471743;87.78300439;87.90523437
31;137.3089878;136.8271299;136.596032;136.7672617;136.7587669;88.13933409;87.9166671;87.87471743;87.78300439;87.90523437
32;137.3089822;136.827128;136.5960303;136.7672611;136.7587648;88.13933409;87.9166671;87.87471743;87.78300439;87.90523437
33;137.3089747;136.8271278;136.5960294;136.7672598;136.7587641;88.13933409;87.9166671;87.87471743;87.78300439;87.90523437
34;137.3089733;136.8271278;136.5960243;136.767257;136.7587632;88.13933409;87.9166671;87.87471743;87.78300439;87.90523437
35;137.308966;136.8271273;136.5960243;136.7672531;136.758763;88.13933409;87.9166671;87.87471743;87.78300439;87.90523437
36;137.3089647;136.8271268;136.5960224;136.7672527;136.7587586;88.13933409;87.9166671;87.87471743;87.78300439;87.90523437
37;137.3089647;136.8271264;136.5960221;136.7672429;136.7587559;88.13933409;87.9166671;87.87471743;87.78300439;87.90523437
38;137.3089636;136.8271264;136.5960193;136.7672419;136.7587508;88.13933409;87.9166671;87.87471743;87.78300439;87.90523437
39;137.3089632;136.8271262;136.5960148;136.7672413;136.7587496;88.13933409;87.9166671;87.87471743;87.78300439;87.90523437
40;137.3089523;136.827126;136.5960107;136.7672336;136.7587462;88.13933409;87.9166671;87.87471743;87.78300439;87.90523437
41;137.3089522;136.8271256;136.5960094;136.7672328;136.7587403;88.13933409;87.9166671;87.87471743;87.78300439;87.90523437
42;137.3089518;136.827124;136.5960084;136.7672298;136.7587375;88.13933409;87.9166671;87.87471743;87.78300439;87.90523437
43;137.3089504;136.8271234;136.5960078;136.7672172;136.7587316;88.13933409;87.9166671;87.87471743;87.78300439;87.90523437
44;137.3089483;136.8271226;136.5960072;136.7672146;136.7587275;88.13933409;87.9166671;87.87471743;87.78300439;87.90523437
45;137.3089459;136.827121;136.5960059;136.7672128;136.7587223;88.13933409;87.9166671;87.87471743;87.78300439;87.90523437
46;137.3089445;136.8271206;136.5960027;136.7672111;136.758721;88.13933409;87.9166671;87.87471743;87.78300439;87.90523437
47;137.3089397;136.8271202;136.5959999;136.7672065;136.7587201;88.13933409;87.9166671;87.87471743;87.78300439;87.90523437
48;137.3089382;136.82712;136.5959996;136.7672052;136.7587164;88.13933409;87.9166671;87.87471743;87.78300439;87.90523437
49;137.3089381;136.8271195;136.5959988;136.7672022;136.7587142;88.13932688;87.91610098;87.87467764;87.78297525;87.90438914
50;137.3089377;136.8271192;136.595998;136.7671961;136.7587135;88.13932688;87.91610098;87.87467764;87.78297525;87.90438914
51;137.3089376;136.827119;136.5959967;136.767194;136.7587108;88.13932688;87.91610098;87.87467764;87.78297525;87.90438914
52;137.3089374;136.827119;136.5959959;136.7671902;136.7587105;88.13932688;87.91610098;87.87467764;87.78297525;87.90438914
53;137.3089371;136.8271182;136.5959947;136.7671846;136.7587101;88.13932688;87.91610098;87.87467764;87.78297525;87.90438914
54;137.3089366;136.8271181;136.5959935;136.7671816;136.7587093;88.13932688;87.91610098;87.87467764;87.78297525;87.90438914
55;137.3089351;136.8271176;136.5959933;136.7671807;136.7587077;88.13932688;87.91610098;87.87467764;87.78297525;87.90438914
56;137.308933;136.8271159;136.5959927;136.767178;136.7587071;88.13932688;87.91610098;87.87467764;87.78297525;87.90438914
57;137.3089325;136.8271146;136.5959908;136.7671758;136.758707;88.13932688;87.91610098;87.87467764;87.78297525;87.90438914
58;137.3089324;136.8271145;136.5959898;136.767169;136.7587051;88.13932688;87.91610098;87.87467764;87.78297525;87.90438914
59;137.3089272;136.8271144;136.5959887;136.7671575;136.7587012;88.13932688;87.91610098;87.87467764;87.78297525;87.90438914
60;137.3089256;136.8271143;136.5959866;136.7671565;136.7587007;88.13932688;87.91610098;87.87467764;87.78297525;87.90438914
61;137.3089254;136.8271128;136.5959812;136.7671442;136.7587004;88.13932688;87.91610098;87.87467764;87.78297525;87.90438914
62;137.3089253;136.8271127;136.5959799;136.7671438;136.7586995;88.13932688;87.91610098;87.87467764;87.78297525;87.90438914
63;137.3089252;136.8271113;136.5959791;136.7671403;136.7586992;88.13932688;87.91610098;87.87467764;87.78297525;87.90438914
64;137.3089249;136.8271111;136.595979;136.7671286;136.7586988;88.13932688;87.91610098;87.87467764;87.78297525;87.90438914
65;137.3089248;136.8271106;136.5959785;136.767124;136.7586963;88.13932688;87.91610098;87.87467764;87.78297525;87.90438914
66;137.3089246;136.8271105;136.5959775;136.7671075;136.7586917;88.13932688;87.91610098;87.87467764;87.78297525;87.90438914
67;137.3089241;136.8271104;136.5959744;136.7671071;136.7586898;88.13932688;87.91610098;87.87467764;87.78297525;87.90438914
68;137.3089236;136.8271087;136.5959704;136.7671016;136.7586896;88.13932688;87.91610098;87.87467764;87.78297525;87.90438914
69;137.3089235;136.8271085;136.5959612;136.7670897;136.7586872;88.13932688;87.91610098;87.87467764;87.78297525;87.90438914
70;137.3089226;136.8271081;136.5959533;136.7670867;136.7586839;88.13932688;87.91610098;87.87467764;87.78297525;87.90438914
71;137.3089217;136.8271078;136.5959518;136.7670796;136.7586803;88.13932688;87.91610098;87.87467764;87.78297525;87.90438914
72;137.3089204;136.8271072;136.5959352;136.7670774;136.7586798;88.13932688;87.91610098;87.87467764;87.78297525;87.90438914
73;137.3089198;136.8271049;136.595928;136.7670734;136.7586797;88.13932579;87.91571168;87.87450457;87.78297484;87.90426353
74;137.3089192;136.8271047;136.5959213;136.7670718;136.7586775;88.13932579;87.91571168;87.87450457;87.78297484;87.90426353
75;137.308919;136.8271043;136.5959182;136.7670671;136.7586766;88.13932579;87.91571168;87.87450457;87.78297484;87.90426353
76;137.3089182;136.8271039;136.5959181;136.7670649;136.7586712;88.13932579;87.91571168;87.87450457;87.78297484;87.90426353
77;137.3089181;136.8271012;136.5959176;136.7670625;136.7586691;88.13932579;87.91571168;87.87450457;87.78297484;87.90426353
78;137.3089175;136.8271011;136.5959129;136.7670587;136.7586675;88.13932579;87.91571168;87.87450457;87.78297484;87.90426353
79;137.3089169;136.8270987;136.5959108;136.7670566;136.758667;88.13932579;87.91571168;87.87450457;87.78297484;87.90426353
80;137.3089166;136.8270982;136.5959104;136.7670478;136.7586669;88.13932579;87.91571168;87.87450457;87.78297484;87.90426353
81;137.3089164;136.8270972;136.5959103;136.7670422;136.7586631;88.13932579;87.91571168;87.87450457;87.78297484;87.90426353
82;137.3089163;136.8270942;136.5959073;136.7670406;136.758657;88.13932579;87.91571168;87.87450457;87.78297484;87.90426353
83;137.3089159;136.8270915;136.5959037;136.7670406;136.7586544;88.13932579;87.91571168;87.87450457;87.78297484;87.90426353
84;137.3089145;136.8270879;136.5959035;136.7670379;136.7586485;88.13932579;87.91571168;87.87450457;87.78297484;87.90426353
85;137.3089143;136.827085;136.5959033;136.7670343;136.7586476;88.13932579;87.91571168;87.87450457;87.78297484;87.90426353
86;137.3089132;136.827083;136.5958976;136.767031;136.7586452;88.13932579;87.91571168;87.87450457;87.78297484;87.90426353
87;137.3089131;136.8270827;136.5958944;136.7670296;136.7586413;88.13932579;87.91571168;87.87450457;87.78297484;87.90426353
88;137.3089119;136.8270827;136.5958927;136.7670271;136.7586233;88.13932579;87.91571168;87.87450457;87.78297484;87.90426353
89;137.3089114;136.8270792;136.5958918;136.7670258;136.7585966;88.13932579;87.91571168;87.87450457;87.78297484;87.90426353
90;137.3089111;136.8270783;136.5958918;136.7670213;136.7585774;88.13932579;87.91571168;87.87450457;87.78297484;87.90426353
91;137.3089106;136.8270764;136.5958905;136.7670136;136.7585652;88.13932579;87.91571168;87.87450457;87.78297484;87.90426353
92;137.3089105;136.8270756;136.5958863;136.7670127;136.7585561;88.13932579;87.91571168;87.87450457;87.78297484;87.90426353
93;137.3089103;136.8270748;136.5958786;136.7670108;136.7585331;88.13932579;87.91571168;87.87450457;87.78297484;87.90426353
94;137.3089099;136.8270745;136.5958749;136.7670092;136.7585321;88.13932579;87.91571168;87.87450457;87.78297484;87.90426353
95;137.3089089;136.8270734;136.5958748;136.767009;136.7584895;88.13932579;87.91571168;87.87450457;87.78297484;87.90426353
96;137.3089071;136.8270709;136.5958718;136.7670088;136.7584894;88.13932579;87.91571168;87.87450457;87.78297484;87.90426353
97;137.3089036;136.8270693;136.5958702;136.7670022;136.7584672;88.13932383;87.91483188;87.87449232;87.78259666;87.90426325
98;137.3089005;136.8270685;136.5958685;136.7669929;136.7584195;88.13932383;87.91483188;87.87449232;87.78259666;87.90426325
99;137.3088977;136.8270678;136.5958667;136.7669888;136.7584155;88.13932383;87.91483188;87.87449232;87.78259666;87.90426325
100;137.3088926;136.8270675;136.5958653;136.7669837;136.7584141;88.13932383;87.91483188;87.87449232;87.78259666;87.90426325
101;137.3088925;136.8270674;136.5958621;136.7669805;136.7583856;88.13932383;87.91483188;87.87449232;87.78259666;87.90426325
102;137.3088903;136.8270634;136.5958612;136.7669751;136.7583689;88.13932383;87.91483188;87.87449232;87.78259666;87.90426325
103;137.3088902;136.8270611;136.5958607;136.7669667;136.7583544;88.13932383;87.91483188;87.87449232;87.78259666;87.90426325
104;137.3088899;136.8270604;136.5958572;136.7669582;136.7583346;88.13932383;87.91483188;87.87449232;87.78259666;87.90426325
105;137.3088896;136.8270588;136.5958533;136.7669406;136.7583343;88.13932383;87.91483188;87.87449232;87.78259666;87.90426325
106;137.3088894;136.8270584;136.5958498;136.7669354;136.7583169;88.13932383;87.91483188;87.87449232;87.78259666;87.90426325
107;137.3088871;136.8270578;136.5958487;136.7669261;136.7583076;88.13932383;87.91483188;87.87449232;87.78259666;87.90426325
108;137.3088855;136.8270573;136.5958464;136.7669119;136.7561318;88.13932383;87.91483188;87.87449232;87.78259666;87.90426325
109;137.3088849;136.8270545;136.5958452;136.7666714;136.5766197;88.13932383;87.91483188;87.87449232;87.78259666;87.90426325
110;137.3088847;136.8270542;136.5958415;133.8156455;133.743874;88.13932383;87.91483188;87.87449232;87.78259666;87.90426325
111;137.3088831;136.827054;125.7905344;126.0373917;126.028235;88.13932383;87.91483188;87.87449232;87.78259666;87.90426325
112;137.3088823;136.8270527;125.7905158;126.0372454;126.0282349;88.13932383;87.91483188;87.87449232;87.78259666;87.90426325
113;137.308882;136.8270526;125.7904954;126.0371834;126.0282347;88.13932383;87.91483188;87.87449232;87.78259666;87.90426325
114;137.3088816;136.8270524;125.7904825;126.0370053;126.0282343;88.13932383;87.91483188;87.87449232;87.78259666;87.90426325
115;137.3088809;136.8270506;125.7904705;126.0369856;126.0282318;88.13932383;87.91483188;87.87449232;87.78259666;87.90426325
116;137.3088791;136.82705;125.7904584;126.0369702;126.0282285;88.13932383;87.91483188;87.87449232;87.78259666;87.90426325
117;137.3088783;136.8270494;125.7904555;126.0369503;126.0282042;88.13932383;87.91483188;87.87449232;87.78259666;87.90426325
118;137.3088746;136.8270482;125.7904502;126.0369282;126.0282024;88.13932383;87.91483188;87.87449232;87.78259666;87.90426325
119;137.3088738;136.8270477;125.7904483;126.0368863;126.0282019;88.13932383;87.91483188;87.87449232;87.78259666;87.90426325
120;137.3088738;136.8270465;125.7904339;126.0368152;126.0282015;88.13932383;87.91483188;87.87449232;87.78259666;87.90426325
121;137.3088736;136.8270463;125.7904285;126.0368116;126.0282008;88.13930131;87.23727953;87.87428736;87.42635292;87.3160836
122;137.3088729;136.8270461;125.7904278;126.0368092;126.0282005;88.13930131;87.23727953;87.87428736;87.42635292;87.3160836
123;137.3088718;136.8270456;125.7904039;126.0367998;126.0282003;88.13930131;87.23727953;87.87428736;87.42635292;87.3160836
124;137.3088708;136.8270446;125.7904022;126.0367799;126.0281985;88.13930131;87.23727953;87.87428736;87.42635292;87.3160836
125;137.3088706;136.8270442;125.7903921;126.0367686;126.0281952;88.13930131;87.23727953;87.87428736;87.42635292;87.3160836
126;137.3088678;136.8270435;125.7903888;126.0367598;126.0281941;88.13930131;87.23727953;87.87428736;87.42635292;87.3160836
127;137.3088655;136.8270429;125.7903628;126.0367565;126.0281922;88.13930131;87.23727953;87.87428736;87.42635292;87.3160836
128;137.3088635;136.8270369;125.7903602;126.036755;126.0281922;88.13930131;87.23727953;87.87428736;87.42635292;87.3160836
129;137.3088634;133.2449493;125.7903429;126.0367549;126.0281891;88.13930131;87.23727953;87.87428736;87.42635292;87.3160836
130;137.3088626;128.6046365;125.7903295;126.0367468;126.0281867;88.13930131;87.23727953;87.87428736;87.42635292;87.3160836
131;137.3088625;126.0990353;125.7903282;126.0367306;126.0281771;88.13930131;87.23727953;87.87428736;87.42635292;87.3160836
132;137.3088619;126.0972771;125.7903279;126.0367149;126.0281742;88.13930131;87.23727953;87.87428736;87.42635292;87.3160836
133;137.3088599;126.0972732;125.7903265;126.0367089;126.028172;88.13930131;87.23727953;87.87428736;87.42635292;87.3160836
134;137.3088596;126.0972663;125.7903256;126.0366945;126.0281657;88.13930131;87.23727953;87.87428736;87.42635292;87.3160836
135;137.3088581;126.0972552;125.7903246;126.0366929;126.0281379;88.13930131;87.23727953;87.87428736;87.42635292;87.3160836
136;137.3088559;126.0972537;125.7903233;126.0366834;126.0281367;88.13930131;87.23727953;87.87428736;87.42635292;87.3160836
137;137.3088553;126.0972488;125.7903217;126.0366738;126.0281319;88.13930131;87.23727953;87.87428736;87.42635292;87.3160836
138;137.3088542;126.0972409;125.7903209;126.0366692;126.0281212;88.13930131;87.23727953;87.87428736;87.42635292;87.3160836
139;137.3088526;126.0972315;125.7903202;126.0366688;126.028121;88.13930131;87.23727953;87.87428736;87.42635292;87.3160836
140;137.3088517;126.097219;125.7903184;126.0366661;126.0281172;88.13930131;87.23727953;87.87428736;87.42635292;87.3160836
141;137.3088502;126.0972178;125.7903182;126.036656;126.0281131;88.13930131;87.23727953;87.87428736;87.42635292;87.3160836
142;129.1627814;126.0972115;125.7903175;126.0366556;126.0281071;88.13930131;87.23727953;87.87428736;87.42635292;87.3160836
143;127.1861813;126.0972099;125.7903166;126.0366516;126.0281044;88.13930131;87.23727953;87.87428736;87.42635292;87.3160836
144;126.9403358;126.0972056;125.7903158;126.0366499;126.0280785;88.13930131;87.23727953;87.87428736;87.42635292;87.3160836
145;126.9381825;126.0972031;125.7903134;126.0366478;126.0280032;88.13928966;87.06465141;87.87428721;87.12235669;87.10521006
146;126.9375766;126.097203;125.7903116;126.036644;126.0279822;88.13928966;87.06465141;87.87428721;87.12235669;87.10521006
147;126.9375459;126.0972;125.790308;126.0366384;126.027979;88.13928966;87.06465141;87.87428721;87.12235669;87.10521006
148;126.937495;126.0972;125.7903077;126.0366358;126.0279572;88.13928966;87.06465141;87.87428721;87.12235669;87.10521006
149;126.9374899;126.0971985;125.7903076;126.0366252;126.0279201;88.13928966;87.06465141;87.87428721;87.12235669;87.10521006
150;126.9374541;126.0971982;125.7903026;126.0366009;126.0278839;88.13928966;87.06465141;87.87428721;87.12235669;87.10521006
151;126.9374433;126.0971978;125.7902676;126.0365257;126.0278616;88.13928966;87.06465141;87.87428721;87.12235669;87.10521006
152;126.9374319;126.0971961;125.7902654;126.0364753;126.0277767;88.13928966;87.06465141;87.87428721;87.12235669;87.10521006
153;126.9374251;126.0971921;125.7902631;126.0364743;126.0276854;88.13928966;87.06465141;87.87428721;87.12235669;87.10521006
154;126.9374135;126.0971914;125.7902631;126.0364655;126.0276356;88.13928966;87.06465141;87.87428721;87.12235669;87.10521006
155;126.9374102;126.0971902;125.7902629;126.0364389;126.0275499;88.13928966;87.06465141;87.87428721;87.12235669;87.10521006
156;126.9374072;126.0971884;125.7902618;121.8455119;121.8971517;88.13928966;87.06465141;87.87428721;87.12235669;87.10521006
157;126.9373959;126.0971868;97.06712954;100.6555482;102.1521654;88.13928966;87.06465141;87.87428721;87.12235669;87.10521006
158;126.9373847;126.097183;97.06709103;90.68622531;92.4638872;88.13928966;87.06465141;87.87428721;87.12235669;87.10521006
159;126.9373834;126.0971741;97.06707275;87.17594114;87.55205752;88.13928966;87.06465141;87.87428721;87.12235669;87.10521006
160;126.9373806;126.0971717;97.0669772;87.15898591;87.0844666;88.13928966;87.06465141;87.87428721;87.12235669;87.10521006
161;126.9373799;126.0971716;97.06695606;87.15874991;87.08446001;88.13928966;87.06465141;87.87428721;87.12235669;87.10521006
162;126.9373762;126.0971706;97.0668499;87.15872639;87.08408488;88.13928966;87.06465141;87.87428721;87.12235669;87.10521006
163;126.9373752;126.09717;97.05775184;87.15850148;87.0839601;88.13928966;87.06465141;87.87428721;87.12235669;87.10521006
164;126.9373719;126.0971609;97.05769566;87.15800731;87.08225612;88.13928966;87.06465141;87.87428721;87.12235669;87.10521006
165;126.93737;126.097156;97.05749983;87.15798838;87.08206993;88.13928966;87.06465141;87.87428721;87.12235669;87.10521006
166;126.9373682;126.0971195;97.05748605;87.13421124;87.08204846;88.13928966;87.06465141;87.87428721;87.12235669;87.10521006
167;126.9373681;126.0971169;97.05747517;87.13404895;87.07712166;88.13928966;87.06465141;87.87428721;87.12235669;87.10521006
168;126.9373675;96.49251975;97.05741483;87.13388595;87.07701481;88.13928966;87.06465141;87.87428721;87.12235669;87.10521006
169;126.9373658;77.02384531;96.81610974;86.75626734;86.60486385;88.13928187;84.92915661;85.09138146;84.79532659;85.00825712
170;126.9373636;74.49985262;96.81604922;86.7449693;86.60485511;88.13928187;84.92915661;85.09138146;84.79532659;85.00825712
171;126.937344;61.5124762;96.8159341;86.74455811;86.60484865;88.13928187;84.92915661;85.09138146;84.79532659;85.00825712
172;106.3137466;61.51247169;96.81592504;86.74453748;86.60484702;88.13928187;84.92915661;85.09138146;84.79532659;85.00825712
173;67.04306937;61.51246905;96.81592268;86.74452254;86.60484058;88.13928187;84.92915661;85.09138146;84.79532659;85.00825712
174;61.69764449;61.51243606;96.81591353;86.7445187;86.60451611;88.13928187;84.92915661;85.09138146;84.79532659;85.00825712
175;61.69763904;61.51236759;96.81590105;86.7445039;86.47889511;88.13928187;84.92915661;85.09138146;84.79532659;85.00825712
176;61.69759846;61.51236043;96.60424048;86.59995221;86.47880994;88.13928187;84.92915661;85.09138146;84.79532659;85.00825712
177;61.69758967;61.51231971;96.60418857;86.59985399;85.99600746;88.13928187;84.92915661;85.09138146;84.79532659;85.00825712
178;61.69755125;61.51229398;94.97651115;85.12997516;84.98321742;88.13928187;84.92915661;85.09138146;84.79532659;85.00825712
179;61.69751386;61.51213532;93.82387494;84.0212426;83.68029503;88.13928187;84.92915661;85.09138146;84.79532659;85.00825712
180;61.69751216;61.51212123;93.82381358;83.82354702;83.68009776;88.13928187;84.92915661;85.09138146;84.79532659;85.00825712
181;61.69749782;61.51211604;93.82374262;83.81368665;83.67990408;88.13928187;84.92915661;85.09138146;84.79532659;85.00825712
182;61.69749764;61.51202976;93.82370446;83.81364857;83.67983324;88.13928187;84.92915661;85.09138146;84.79532659;85.00825712
183;61.69749692;61.51199826;93.82364384;83.81359431;78.57204758;88.13928187;84.92915661;85.09138146;84.79532659;85.00825712
184;61.69748894;61.51195276;89.12596903;83.81337724;78.57204694;88.13928187;84.92915661;85.09138146;84.79532659;85.00825712
185;61.697486;61.5119232;89.12590283;78.82151085;78.57204599;88.13928187;84.92915661;85.09138146;84.79532659;85.00825712
186;61.69747907;61.51192059;89.12581624;78.82097939;78.57204037;88.13928187;84.92915661;85.09138146;84.79532659;85.00825712
187;61.69747753;59.56346343;89.12580223;78.82063386;78.57202841;88.13928187;84.92915661;85.09138146;84.79532659;85.00825712
188;61.69747648;59.56344133;89.12580221;78.82054089;78.57202296;88.13928187;84.92915661;85.09138146;84.79532659;85.00825712
189;61.69745464;59.56343787;89.12580192;78.82051725;78.57201514;88.13928187;84.92915661;85.09138146;84.79532659;85.00825712
190;61.69743445;57.79443492;89.12579633;78.82051352;78.57201113;88.13928187;84.92915661;85.09138146;84.79532659;85.00825712
191;61.69741621;57.68761352;89.12579319;78.82050032;78.57200998;88.13928187;84.92915661;85.09138146;84.79532659;85.00825712
192;61.69739435;57.12722559;89.1257803;78.82047997;78.57195721;88.13928187;84.92915661;85.09138146;84.79532659;85.00825712
193;61.69739091;56.18669154;89.12577784;78.82047298;78.57175025;88.13898002;83.06871588;82.40996305;83.14954928;83.12019951
194;61.69736352;56.18668489;89.12576067;78.82045481;74.64868353;88.13898002;83.06871588;82.40996305;83.14954928;83.12019951
195;61.69735932;56.18668424;89.12575259;78.82043765;74.64827967;88.13898002;83.06871588;82.40996305;83.14954928;83.12019951
196;61.69732658;56.18668169;89.12575084;78.82043419;74.64822794;88.13898002;83.06871588;82.40996305;83.14954928;83.12019951
197;61.69722576;56.1866794;89.12574464;74.71685051;74.64814396;88.13898002;83.06871588;82.40996305;83.14954928;83.12019951
198;61.69722405;56.18667294;83.77760452;74.71683029;74.64810756;88.13898002;83.06871588;82.40996305;83.14954928;83.12019951
199;55.56800547;56.18666452;83.77745127;74.71681596;74.64808035;88.13898002;83.06871588;82.40996305;83.14954928;83.12019951
200;52.88163543;56.1866605;83.20016396;74.71677761;74.6480661;88.13898002;83.06871588;82.40996305;83.14954928;83.12019951
201;52.88162951;56.18665948;83.20016205;74.71671143;74.64805246;88.13898002;83.06871588;82.40996305;83.14954928;83.12019951
202;52.88162733;56.18665106;83.20011821;74.71658763;74.64799333;88.13898002;83.06871588;82.40996305;83.14954928;83.12019951
203;52.88160295;56.18664589;83.20011445;74.69048172;74.64792873;88.13898002;83.06871588;82.40996305;83.14954928;83.12019951
204;52.88158214;56.18661468;83.20002659;74.69047127;74.64787106;88.13898002;83.06871588;82.40996305;83.14954928;83.12019951
205;52.88156806;52.72457742;83.20002393;74.69043857;74.64787042;88.13898002;83.06871588;82.40996305;83.14954928;83.12019951
206;52.88156093;52.72457613;83.19991019;74.69041276;74.64785949;88.13898002;83.06871588;82.40996305;83.14954928;83.12019951
207;52.88155679;52.72457542;83.19989815;74.69035052;74.64777118;88.13898002;83.06871588;82.40996305;83.14954928;83.12019951
208;52.88154399;52.72457444;83.19988968;74.69022953;74.64776243;88.13898002;83.06871588;82.40996305;83.14954928;83.12019951
209;52.88153562;52.72457331;83.19985993;74.68503704;74.64769681;88.13898002;83.06871588;82.40996305;83.14954928;83.12019951
210;52.88152683;52.72456293;83.19983693;74.68498367;74.64769092;88.13898002;83.06871588;82.40996305;83.14954928;83.12019951
211;52.88150094;52.72452885;83.19980385;74.68492987;74.64766797;88.13898002;83.06871588;82.40996305;83.14954928;83.12019951
212;52.8814754;52.72452797;83.18850632;74.68480216;74.23955086;88.13898002;83.06871588;82.40996305;83.14954928;83.12019951
213;52.88144643;52.72452779;83.18848079;74.33863725;74.23954556;88.13898002;83.06871588;82.40996305;83.14954928;83.12019951
214;52.88143029;52.72452612;83.18841191;74.33863189;74.23936102;88.13898002;83.06871588;82.40996305;83.14954928;83.12019951
215;52.8814255;52.72451631;83.18837799;74.33851914;74.23935466;88.13898002;83.06871588;82.40996305;83.14954928;83.12019951
216;52.88140489;52.72450448;82.98560295;74.33849311;74.13359826;88.13898002;83.06871588;82.40996305;83.14954928;83.12019951
217;52.88139302;52.72443215;82.98559616;74.21123471;74.1335109;88.13897981;75.75581203;80.27574154;76.43865923;76.00657756
218;52.88135244;52.72443191;82.98546836;74.21121373;74.13344754;88.13897981;75.75581203;80.27574154;76.43865923;76.00657756
219;52.88133487;52.72443085;82.98545766;74.21121104;74.13338221;88.13897981;75.75581203;80.27574154;76.43865923;76.00657756
220;52.88129133;52.72442804;82.80269836;74.21117034;74.13336401;88.13897981;75.75581203;80.27574154;76.43865923;76.00657756
221;52.88127774;52.72442563;82.80269501;74.21114463;74.13331067;88.13897981;75.75581203;80.27574154;76.43865923;76.00657756
222;52.88127597;52.72442183;82.80265851;74.2111018;74.13330128;88.13897981;75.75581203;80.27574154;76.43865923;76.00657756
223;52.88126832;52.72441507;82.80263316;74.21101105;73.85003205;88.13897981;75.75581203;80.27574154;76.43865923;76.00657756
224;52.88126525;52.72440209;82.80260144;73.78476967;72.85343729;88.13897981;75.75581203;80.27574154;76.43865923;76.00657756
225;52.88125487;52.72439348;82.80253615;72.97471057;72.85322362;88.13897981;75.75581203;80.27574154;76.43865923;76.00657756
226;52.88123925;52.72438419;82.80249106;72.95183343;71.74499817;88.13897981;75.75581203;80.27574154;76.43865923;76.00657756
227;52.88123392;52.72438099;81.408371;72.95161742;71.74494047;88.13897981;75.75581203;80.27574154;76.43865923;76.00657756
228;52.88123158;52.7243799;81.40823449;71.81730998;71.74481629;88.13897981;75.75581203;80.27574154;76.43865923;76.00657756
229;52.88122939;52.72437717;80.45348696;71.8172172;71.74477552;88.13897981;75.75581203;80.27574154;76.43865923;76.00657756
230;52.88121426;52.72437302;80.45343382;71.81713751;71.74467138;88.13897981;75.75581203;80.27574154;76.43865923;76.00657756
231;52.88119932;52.72437249;80.45341391;71.81700108;70.46226414;88.13897981;75.75581203;80.27574154;76.43865923;76.00657756
232;52.88119236;52.72436806;80.45337371;70.60958653;70.46219543;88.13897981;75.75581203;80.27574154;76.43865923;76.00657756
233;52.88118885;52.72436117;80.42020742;70.60955493;67.3543763;88.13897981;75.75581203;80.27574154;76.43865923;76.00657756
234;52.88116531;52.72435285;80.42018512;67.54749834;67.34921588;88.13897981;75.75581203;80.27574154;76.43865923;76.00657756
235;52.88112192;52.72434254;80.42013417;67.54747293;67.3491985;88.13897981;75.75581203;80.27574154;76.43865923;76.00657756
236;52.88112124;51.05399871;80.42008;67.5471857;67.34889921;88.13897981;75.75581203;80.27574154;76.43865923;76.00657756
237;52.88112034;51.05399733;80.42002167;67.54671826;67.3486742;88.13897981;75.75581203;80.27574154;76.43865923;76.00657756
238;52.88111743;51.05399701;76.39404568;67.54358977;67.34862944;88.13897981;75.75581203;80.27574154;76.43865923;76.00657756
239;52.88111343;51.05399433;76.39394285;66.6486478;63.14909715;88.13897981;75.75581203;80.27574154;76.43865923;76.00657756
240;52.88110836;51.05398962;76.39389782;63.22810672;63.14909454;88.13897981;75.75581203;80.27574154;76.43865923;76.00657756
241;52.88109317;51.05398535;72.78539079;63.22755843;63.14898498;79.38684511;68.80163483;68.81080918;68.79758977;68.80546396
242;52.88106825;51.05398072;72.78539057;63.22732991;63.14867471;79.38684511;68.80163483;68.81080918;68.79758977;68.80546396
243;52.88104539;51.05397326;71.80918484;63.22714645;63.14866364;79.38684511;68.80163483;68.81080918;68.79758977;68.80546396
244;52.88104162;49.44588181;71.80908568;63.22701;63.14851333;79.38684511;68.80163483;68.81080918;68.79758977;68.80546396
245;52.88103705;49.44587331;71.80895306;61.31902308;61.2801419;79.38684511;68.80163483;68.81080918;68.79758977;68.80546396
246;52.88099298;49.44586852;71.80893164;61.3183383;61.28014048;79.38684511;68.80163483;68.81080918;68.79758977;68.80546396
247;52.88095993;49.44586752;71.80889764;61.31831848;60.40404945;79.38684511;68.80163483;68.81080918;68.79758977;68.80546396
248;52.356614;48.1719967;71.11002435;60.50546604;60.40404528;79.38684511;68.80163483;68.81080918;68.79758977;68.80546396
249;50.22723795;48.17199661;71.11000261;60.5054571;60.40402824;79.38684511;68.80163483;68.81080918;68.79758977;68.80546396
250;47.62738937;48.17199347;71.1099996;60.50543673;60.40394115;79.38684511;68.80163483;68.81080918;68.79758977;68.80546396
251;47.62737367;48.17199215;71.1099937;60.50539355;60.40394078;79.38684511;68.80163483;68.81080918;68.79758977;68.80546396
252;47.62728883;48.17198788;71.1099896;60.50532082;60.40382487;79.38684511;68.80163483;68.81080918;68.79758977;68.80546396
253;47.62720184;48.17198237;69.42510722;60.50530885;60.4038067;79.38684511;68.80163483;68.81080918;68.79758977;68.80546396
254;47.6271655;48.16788178;69.42510348;60.50517387;60.40373236;79.38684511;68.80163483;68.81080918;68.79758977;68.80546396
255;47.62715787;48.16787521;69.42509739;60.50507433;60.40371272;79.38684511;68.80163483;68.81080918;68.79758977;68.80546396
256;47.15077467;48.16752535;69.42509097;60.50501937;60.40370306;79.38684511;68.80163483;68.81080918;68.79758977;68.80546396
257;47.15077121;48.16740326;69.42507009;60.50498847;59.27273254;79.38684511;68.80163483;68.81080918;68.79758977;68.80546396
258;47.15076229;48.143715;69.42505773;59.33270241;56.15587355;79.38684511;68.80163483;68.81080918;68.79758977;68.80546396
259;46.35703608;45.18358656;69.42503523;59.30063367;53.58538168;79.38684511;68.80163483;68.81080918;68.79758977;68.80546396
260;46.35703567;45.18358027;68.96002499;58.66165016;53.58469198;79.38684511;68.80163483;68.81080918;68.79758977;68.80546396
261;44.87436358;45.18357942;68.96002334;54.86992829;53.58468409;79.38684511;68.80163483;68.81080918;68.79758977;68.80546396
262;44.87435966;45.18357928;68.96000146;54.55066897;53.58468288;79.38684511;68.80163483;68.81080918;68.79758977;68.80546396
263;44.87435081;45.18357839;68.95996813;53.57599211;53.58468181;79.38684511;68.80163483;68.81080918;68.79758977;68.80546396
264;44.87432103;45.18357754;68.95993536;53.57597018;53.58468157;79.38684511;68.80163483;68.81080918;68.79758977;68.80546396
265;44.87431092;45.18357751;68.95988476;53.57594949;53.5846814;74.79878193;64.18122456;68.81033101;64.04878183;64.25943326
266;44.87426979;45.18357201;68.95985412;53.57589888;53.58467549;74.79878193;64.18122456;68.81033101;64.04878183;64.25943326
267;44.87426461;44.67759323;68.95984394;53.57586731;53.5846724;74.79878193;64.18122456;68.81033101;64.04878183;64.25943326
268;44.87422724;41.48904067;68.95983677;53.57581738;53.58466789;74.79878193;64.18122456;68.81033101;64.04878183;64.25943326
269;44.87421887;41.40538326;68.95983175;53.57580016;53.58466255;74.79878193;64.18122456;68.81033101;64.04878183;64.25943326
270;44.8742187;41.40538123;68.95982598;53.57579783;53.58465159;74.79878193;64.18122456;68.81033101;64.04878183;64.25943326
271;44.87421277;41.40537951;62.38756696;53.57577968;53.58464644;74.79878193;64.18122456;68.81033101;64.04878183;64.25943326
272;42.19216772;41.4053783;62.38756612;53.57577961;53.58464147;74.79878193;64.18122456;68.81033101;64.04878183;64.25943326
273;42.03474832;41.40537511;62.38752872;53.57577684;53.58462827;74.79878193;64.18122456;68.81033101;64.04878183;64.25943326
274;41.30967234;41.40536473;62.38749927;53.57577428;53.58462696;74.79878193;64.18122456;68.81033101;64.04878183;64.25943326
275;41.30966089;41.40535819;62.38745984;53.57577399;53.58458446;74.79878193;64.18122456;68.81033101;64.04878183;64.25943326
276;41.30966011;41.40534741;62.38742958;53.5757735;53.58453038;74.79878193;64.18122456;68.81033101;64.04878183;64.25943326
277;41.30963837;41.28672374;62.3874204;53.57575295;53.58448231;74.79878193;64.18122456;68.81033101;64.04878183;64.25943326
278;41.30962217;41.28671968;62.38740344;53.57575246;53.58443171;74.79878193;64.18122456;68.81033101;64.04878183;64.25943326
279;41.309599;41.28671562;62.38738964;53.57572976;53.58439217;74.79878193;64.18122456;68.81033101;64.04878183;64.25943326
280;41.30957878;41.28671277;62.38738301;53.57570462;52.53544605;74.79878193;64.18122456;68.81033101;64.04878183;64.25943326
281;41.30955519;41.28671209;62.38736875;53.57568132;52.53544465;74.79878193;64.18122456;68.81033101;64.04878183;64.25943326
282;41.30954991;41.28670412;62.38736294;53.57564794;52.53543131;74.79878193;64.18122456;68.81033101;64.04878183;64.25943326
283;41.30954617;41.28670022;62.38735333;52.55253874;52.53542426;74.79878193;64.18122456;68.81033101;64.04878183;64.25943326
284;41.30954068;41.28669259;62.38735117;52.53888367;52.53541516;74.79878193;64.18122456;68.81033101;64.04878183;64.25943326
285;41.30953595;41.28668455;62.38734371;52.53873192;52.53540145;74.79878193;64.18122456;68.81033101;64.04878183;64.25943326
286;41.30953374;41.28667937;62.38733944;52.53872067;52.53539966;74.79878193;64.18122456;68.81033101;64.04878183;64.25943326
287;41.30953247;41.28667286;62.38733044;52.53859234;52.53539805;74.79878193;64.18122456;68.81033101;64.04878183;64.25943326
288;41.30952826;41.28666539;62.38732614;52.53858833;52.53539338;74.79878193;64.18122456;68.81033101;64.04878183;64.25943326
289;41.3095263;41.28666079;62.38732469;52.53856259;52.53530971;68.85212211;52.81761774;64.55864457;53.09526664;52.70058594
290;41.30952208;41.28665711;62.38732293;52.53854332;52.53526181;68.85212211;52.81761774;64.55864457;53.09526664;52.70058594
291;41.30951958;41.28665329;62.38731181;52.53852545;52.53513502;68.85212211;52.81761774;64.55864457;53.09526664;52.70058594
292;41.30951655;41.28624837;60.95131687;52.53849624;50.81529457;68.85212211;52.81761774;64.55864457;53.09526664;52.70058594
293;41.3095147;41.28621638;60.95124132;52.53848385;50.81528642;68.85212211;52.81761774;64.55864457;53.09526664;52.70058594
294;41.30951454;41.28616688;60.95120205;50.84006253;50.8152716;68.85212211;52.81761774;64.55864457;53.09526664;52.70058594
295;41.30951258;41.28616154;60.95118394;50.83949373;50.81526705;68.85212211;52.81761774;64.55864457;53.09526664;52.70058594
296;41.30951149;41.28615592;60.95117557;50.83944882;50.81526257;68.85212211;52.81761774;64.55864457;53.09526664;52.70058594
297;41.30950722;41.286148;60.95115523;50.83942701;50.81525427;68.85212211;52.81761774;64.55864457;53.09526664;52.70058594
298;40.41223372;41.28613402;60.95115167;50.83942224;50.81521391;68.85212211;52.81761774;64.55864457;53.09526664;52.70058594
299;40.41212326;41.28611574;60.95114313;50.8394072;50.81520831;68.85212211;52.81761774;64.55864457;53.09526664;52.70058594
300;40.41210997;41.28608636;60.95113249;50.83936518;50.81520447;68.85212211;52.81761774;64.55864457;53.09526664;52.70058594
301;40.41210686;38.72914536;59.50718143;50.83931569;50.81519211;68.85212211;52.81761774;64.55864457;53.09526664;52.70058594
302;40.41208416;38.72913691;59.50711471;50.83929442;50.81512614;68.85212211;52.81761774;64.55864457;53.09526664;52.70058594
303;40.41208219;38.72912675;59.50710105;50.83929193;50.81510762;68.85212211;52.81761774;64.55864457;53.09526664;52.70058594
304;40.41207928;38.72911965;59.50706855;49.65418019;50.80913624;68.85212211;52.81761774;64.55864457;53.09526664;52.70058594
305;40.41205084;38.72911199;59.50705988;43.8579009;45.95954478;68.85212211;52.81761774;64.55864457;53.09526664;52.70058594
306;40.4120437;38.72910833;59.50705531;41.09600144;44.33589278;68.85212211;52.81761774;64.55864457;53.09526664;52.70058594
307;40.41204298;38.72910801;59.50705448;41.01922696;42.71408516;68.85212211;52.81761774;64.55864457;53.09526664;52.70058594
308;40.4120414;38.72910621;59.50705141;40.19396738;42.65875232;68.85212211;52.81761774;64.55864457;53.09526664;52.70058594
309;40.41203602;38.72910565;59.50704969;36.55403478;38.67510777;68.85212211;52.81761774;64.55864457;53.09526664;52.70058594
310;40.41203172;38.72910507;59.50702684;29.22752977;32.88271345;68.85212211;52.81761774;64.55864457;53.09526664;52.70058594
311;40.41202964;38.72910343;10.00090152;24.72336245;27.87811433;68.85212211;52.81761774;64.55864457;53.09526664;52.70058594
312;40.4120286;38.72910013;10.00086561;20.26949531;24.1561723;68.85212211;52.81761774;64.55864457;53.09526664;52.70058594
313;39.73167773;38.72909902;10.00083478;17.5695689;20.36988198;67.36349156;51.06830143;59.16243184;50.70034219;50.98304304
314;39.73165139;38.72909841;10.00081895;13.93342476;17.50862042;67.36349156;51.06830143;59.16243184;50.70034219;50.98304304
315;39.7316418;38.72909823;10.00080844;13.37486353;17.34049351;67.36349156;51.06830143;59.16243184;50.70034219;50.98304304
316;39.73162833;35.49075217;10.00080407;13.27592038;16.47374112;67.36349156;51.06830143;59.16243184;50.70034219;50.98304304
317;39.7316046;35.49074588;10.00079946;10.00063533;11.02592523;67.36349156;51.06830143;59.16243184;50.70034219;50.98304304
318;39.73157568;35.49073568;10.00079869;10.00051565;10.0001685;67.36349156;51.06830143;59.16243184;50.70034219;50.98304304
319;39.73157224;35.49072881;10.00078258;10.00047498;10.00016755;67.36349156;51.06830143;59.16243184;50.70034219;50.98304304
320;39.73156725;35.49072842;10.00077322;10.00045147;10.00016349;67.36349156;51.06830143;59.16243184;50.70034219;50.98304304
321;39.73156386;35.49072809;10.00076299;10.00044573;10.00016016;67.36349156;51.06830143;59.16243184;50.70034219;50.98304304
322;39.73156269;35.49072742;10.00075413;10.00039274;10.00015768;67.36349156;51.06830143;59.16243184;50.70034219;50.98304304
323;39.73155875;35.49072735;10.00074937;10.00036378;10.0001518;67.36349156;51.06830143;59.16243184;50.70034219;50.98304304
324;39.73155465;35.49072707;10.00074544;10.00036196;10.00014562;67.36349156;51.06830143;59.16243184;50.70034219;50.98304304
325;39.73155132;35.49072681;10.0007317;10.000356;10.00013664;67.36349156;51.06830143;59.16243184;50.70034219;50.98304304
326;12.89078365;35.4907263;10.00072461;10.00034293;10.0000906;67.36349156;51.06830143;59.16243184;50.70034219;50.98304304
327;12.29609541;35.49072543;10.00072121;10.00032357;9.999993174;67.36349156;51.06830143;59.16243184;50.70034219;50.98304304
328;10.00053118;35.49072535;10.0006894;10.00006792;9.999946198;67.36349156;51.06830143;59.16243184;50.70034219;50.98304304
329;10.00052018;35.49072445;10.00065263;9.999980661;9.999912689;67.36349156;51.06830143;59.16243184;50.70034219;50.98304304
330;10.00050517;35.49071527;10.00064904;9.99993525;9.999897473;67.36349156;51.06830143;59.16243184;50.70034219;50.98304304
331;10.00047609;35.49070328;10.000642;9.999913389;9.99980304;67.36349156;51.06830143;59.16243184;50.70034219;50.98304304
332;10.00043498;34.10870829;10.00061734;9.999863907;9.999795414;67.36349156;51.06830143;59.16243184;50.70034219;50.98304304
333;10.00041969;34.10870631;10.00060511;9.999735189;9.999641081;67.36349156;51.06830143;59.16243184;50.70034219;50.98304304
334;10.00041838;34.10870305;10.00059725;9.99932193;9.999594865;67.36349156;51.06830143;59.16243184;50.70034219;50.98304304
335;10.00041297;34.10869923;10.00058434;9.999317316;9.999582135;67.36349156;51.06830143;59.16243184;50.70034219;50.98304304
336;10.00040091;34.10869878;10.00056397;9.999280621;9.999534804;67.36349156;51.06830143;59.16243184;50.70034219;50.98304304
337;10.00039627;29.23500935;10.00056238;9.999230351;9.999501633;66.22934951;48.20138394;48.72929303;48.29356533;48.1442196
338;10.00035112;29.23500541;10.00055357;9.999073465;9.999498227;66.22934951;48.20138394;48.72929303;48.29356533;48.1442196
339;10.0003388;29.23499596;10.00054106;9.999071212;9.999473637;66.22934951;48.20138394;48.72929303;48.29356533;48.1442196
340;10.00026246;29.23499026;10.00048293;9.999066722;9.999468534;66.22934951;48.20138394;48.72929303;48.29356533;48.1442196
341;10.00025998;29.23498964;10.00047027;9.999061877;9.999461734;66.22934951;48.20138394;48.72929303;48.29356533;48.1442196
342;10.00024854;29.23498794;10.0004616;9.999054754;9.999430536;66.22934951;48.20138394;48.72929303;48.29356533;48.1442196
343;10.00024125;29.23498459;10.00045338;9.999048564;9.999420359;66.22934951;48.20138394;48.72929303;48.29356533;48.1442196
344;10.00018319;29.23498458;10.00045175;9.999035305;9.99941259;66.22934951;48.20138394;48.72929303;48.29356533;48.1442196
345;10.00017618;29.23498383;10.00044976;9.999021246;9.999383452;66.22934951;48.20138394;48.72929303;48.29356533;48.1442196
346;10.00014884;29.23497995;10.0004452;9.999000587;9.999296107;66.22934951;48.20138394;48.72929303;48.29356533;48.1442196
347;10.00014314;29.23497321;10.00043948;9.998923721;9.999223212;66.22934951;48.20138394;48.72929303;48.29356533;48.1442196
348;10.00013914;29.23497092;10.00043812;9.994032151;9.984770114;66.22934951;48.20138394;48.72929303;48.29356533;48.1442196
349;10.00013542;10.00056975;0.001141577;0.000166394;2.35E-05;66.22934951;48.20138394;48.72929303;48.29356533;48.1442196
350;10.00013173;10.00056118;0.001141574;0.000158362;2.35E-05;66.22934951;48.20138394;48.72929303;48.29356533;48.1442196
351;10.00012854;10.00037793;0.001141492;0.000156924;2.35E-05;66.22934951;48.20138394;48.72929303;48.29356533;48.1442196
352;4.07E-05;10.00037346;0.001141485;0.000156924;2.35E-05;66.22934951;48.20138394;48.72929303;48.29356533;48.1442196
353;3.16E-05;10.00033068;0.001141481;0.000135082;2.35E-05;66.22934951;48.20138394;48.72929303;48.29356533;48.1442196
354;3.15E-05;10.0003252;0.001141457;0.000135073;2.35E-05;66.22934951;48.20138394;48.72929303;48.29356533;48.1442196
355;3.15E-05;4.26E-05;0.001141447;0.000135073;2.35E-05;66.22934951;48.20138394;48.72929303;48.29356533;48.1442196
356;3.15E-05;4.05E-05;0.001141429;0.000135071;2.33E-05;66.22934951;48.20138394;48.72929303;48.29356533;48.1442196
357;3.15E-05;3.42E-05;0.001141391;0.000135071;2.32E-05;66.22934951;48.20138394;48.72929303;48.29356533;48.1442196
358;3.15E-05;3.40E-05;0.001141307;0.000135062;2.32E-05;66.22934951;48.20138394;48.72929303;48.29356533;48.1442196
359;3.14E-05;3.38E-05;0.0011413;0.000135035;2.32E-05;66.22934951;48.20138394;48.72929303;48.29356533;48.1442196
360;3.13E-05;3.01E-05;0.001141282;0.000135031;2.31E-05;66.22934951;48.20138394;48.72929303;48.29356533;48.1442196
361;3.13E-05;-5.54E-08;4.53E-07;0.000135031;2.29E-05;48.67597036;-36.60391503;1.60E-08;-50.88501478;-36.62710947
362;3.13E-05;-7.00E-08;3.07E-07;0.000135029;2.23E-05;48.67597036;-36.60391503;1.60E-08;-50.88501478;-36.62710947
363;3.13E-05;-7.12E-05;2.72E-07;0.000135028;1.70E-05;48.67597036;-36.60391503;1.60E-08;-50.88501478;-36.62710947
364;3.13E-05;-7.12E-05;2.68E-07;0.000135027;1.65E-05;48.67597036;-36.60391503;1.60E-08;-50.88501478;-36.62710947
365;3.13E-05;-7.12E-05;2.68E-07;0.000135026;4.65E-06;48.67597036;-36.60391503;1.60E-08;-50.88501478;-36.62710947
366;3.13E-05;-7.12E-05;2.67E-07;0.000135026;4.64E-06;48.67597036;-36.60391503;1.60E-08;-50.88501478;-36.62710947
367;3.13E-05;-7.12E-05;2.67E-07;0.000135016;4.30E-06;48.67597036;-36.60391503;1.60E-08;-50.88501478;-36.62710947
368;3.13E-05;-7.12E-05;2.67E-07;0.000134946;4.30E-06;48.67597036;-36.60391503;1.60E-08;-50.88501478;-36.62710947
369;3.12E-05;-7.12E-05;2.67E-07;0.000134946;4.30E-06;48.67597036;-36.60391503;1.60E-08;-50.88501478;-36.62710947
370;3.11E-05;-7.12E-05;2.66E-07;0.000134926;-2.95E-05;48.67597036;-36.60391503;1.60E-08;-50.88501478;-36.62710947
371;3.02E-05;-7.12E-05;2.61E-07;0.000134913;-2.95E-05;48.67597036;-36.60391503;1.60E-08;-50.88501478;-36.62710947
372;3.02E-05;-7.12E-05;1.93E-07;0.00013491;-3.09E-05;48.67597036;-36.60391503;1.60E-08;-50.88501478;-36.62710947
373;3.02E-05;-7.12E-05;1.77E-07;3.81E-05;-5.45E-05;48.67597036;-36.60391503;1.60E-08;-50.88501478;-36.62710947
374;3.02E-05;-7.12E-05;1.69E-07;3.81E-05;-5.46E-05;48.67597036;-36.60391503;1.60E-08;-50.88501478;-36.62710947
375;3.01E-05;-7.46E-05;1.67E-07;3.81E-05;-5.46E-05;48.67597036;-36.60391503;1.60E-08;-50.88501478;-36.62710947
376;2.94E-05;-7.49E-05;1.40E-07;3.80E-05;-5.48E-05;48.67597036;-36.60391503;1.60E-08;-50.88501478;-36.62710947
377;2.59E-05;-7.49E-05;1.36E-07;3.79E-05;-5.48E-05;48.67597036;-36.60391503;1.60E-08;-50.88501478;-36.62710947
378;2.55E-05;-7.49E-05;5.42E-08;3.72E-05;-5.48E-05;48.67597036;-36.60391503;1.60E-08;-50.88501478;-36.62710947
379;2.15E-05;-7.49E-05;1.48E-08;3.03E-05;-5.51E-05;48.67597036;-36.60391503;1.60E-08;-50.88501478;-36.62710947
380;1.78E-05;-7.49E-05;1.43E-08;3.02E-05;-5.52E-05;48.67597036;-36.60391503;1.60E-08;-50.88501478;-36.62710947
381;1.44E-05;-7.60E-05;1.43E-08;3.01E-05;-5.52E-05;48.67597036;-36.60391503;1.60E-08;-50.88501478;-36.62710947
382;1.36E-05;-7.61E-05;1.43E-08;3.00E-05;-5.53E-05;48.67597036;-36.60391503;1.60E-08;-50.88501478;-36.62710947
383;1.30E-05;-7.64E-05;-1.89E-07;2.70E-05;-5.56E-05;48.67597036;-36.60391503;1.60E-08;-50.88501478;-36.62710947
384;-1.33E-05;-7.89E-05;-2.33E-07;2.68E-05;-5.60E-05;48.67597036;-36.60391503;1.60E-08;-50.88501478;-36.62710947
